target_id	[G9.1]	[G9.2]	[G9.3]	[G9.4]	[G9.5]	[G9.6]	[G9.7]	[G9.8]	[G9.9]	[G9.10]
Q13507	362.80678	466.690763	336.650367	334.255664	261.417722	420.28355199999993	561.872549	420.215517	431.765625	411.276976
P25024	171.49830500000004	175.807229	141.91198	139.322517	91.8481013	176.584258	237.813725	164.48275900000004	157.625	173.783505
P01024	643.637288	989.534137	633.520782	642.017622	553.468354	794.178607	1070.45098	850.4137929999998	901.5625	774.176632
Q16832	348.077966	497.839357	330.254279	332.030629	264.721519	407.207871	549.2450980000001	437.982759	443.265625	397.239175
Q8NER1	343.132203	476.35743	326.564792	328.471329	266.822785	405.978809	543.931373	416.301724	436.390625	396.993127
Q99707	508.749153	743.8835339999998	470.711491	492.977343	393.075949	591.031282	809.009804	645.491379	685.5625	575.310653
P30082	222.040678	255.570281	194.237164	194.419441	136.291139	239.283552	317.794118	220.87069	227.953125	234.750515
P50416	319.413559	438.31726900000007	308.0880200000001	299.047413	249.620253	377.349142	495.480392	382.37069	401.3125	369.682474
P30542	166.640678	167.124498	129.811736	126.308671	83.03797469999998	163.374369	220.745098	155.75	146.734375	159.986942
Q99895	110.63728799999998	154.0	98.8508557	102.977622	77.4936709	121.913219	167.23529399999995	130.543103	135.828125	119.142955
Q92793	810.074576	1522.97189	860.484108	823.7702099999998	861.139241	1062.34712	1453.31373	1297.03448	1311.875	1033.7457
P30411	184.020339	206.51004	157.11735900000005	154.90042	105.202532	195.656912	263.598039	192.396552	179.609375	192.728522
P30291	220.308475	407.028112	235.608802	230.25972	222.911392	289.225025	393.441176	336.137931	375.890625	279.87835099999995
Q14534	243.447458	325.650602	218.99022	216.892028	172.443038	273.558022	368.147059	280.775862	294.078125	267.611684
O60741	344.508475	529.891566	332.491443	321.107552	285.860759	410.953582	552.7647059999998	461.793103	459.703125	401.709278
P31213	121.433898	136.18473899999998	100.694377	98.1759441	67.2025316	123.594349	158.607843	109.844828	113.203125	121.231615
P18031	165.027119	258.570281	172.03423	166.924895	151.01265800000004	211.346115	278.421569	219.87931	243.578125	204.861168
P28827	565.325424	865.7630519999999	554.528117	557.461818	474.886076	682.7648839999998	912.77451	748.715517	762.359375	665.717526
P25025	174.816949	187.771084	144.42298300000004	143.79706299999995	94.9746835	181.387487	246.490196	169.43965500000004	165.3125	177.945704
P19801	303.257627	429.297189	296.386308	277.603357	237.0	358.767911	462.186275	360.405172	380.546875	348.882474
P10275	323.20339	564.7309240000002	319.689487	339.04951	293.0	394.518668	538.127451	453.206897	490.3125	384.106529
Q16236	205.823729	372.461847	222.217604	227.065315	209.316456	279.933401	393.852941	333.267241	345.78125	270.76151200000004
Q9QYJ6	324.298305	453.052209	308.828851	316.759021	251.83544300000003	383.106963	519.4803919999998	404.327586	418.109375	374.077663
P05979	252.67796600000003	345.514056	242.452323	230.742517	189.835443	296.374369	380.294118	279.405172	303.609375	287.931271
O00519	230.772881	330.931727	209.938875	215.018042	170.139241	261.348133	355.460784	274.767241	296.53125	254.986254
P37840	45.0101695	85.0040161	43.1149144	51.79482520000001	43.5696203	56.0181635	79.0	75.08620690000002	81.765625	54.6639175
Q9UNH5	219.905085	359.373494	223.9022	222.500839	206.392405	274.71846600000003	371.794118	311.431034	321.203125	268.894158
Q02643	193.80339	221.68674700000003	165.364303	162.792448	108.835443	203.039354	271.078431	196.724138	197.015625	198.263918
P43166	101.210169	155.23694799999996	100.743276	96.666993	84.96202530000002	122.085772	161.196078	130.844828	138.15625	118.897595
Q9Y3R4	143.71864399999995	220.37751	142.264059	139.381678	120.481013	173.62361299999995	232.95098	186.491379	195.640625	169.274227
O70528	184.532203	204.871486	153.427873	156.13021	105.253165	190.346115	256.980392	186.12069	180.15625	186.908591
O95271	488.220339	767.425703	455.007335	480.0601400000001	407.367089	567.871847	811.892157	683.310345	712.75	553.043299
O15294	425.572881	585.73494	395.07824	405.271608	329.873418	491.269425	680.833333	543.258621	544.96875	480.239175
Q99572	247.342373	347.634538	240.224939	243.154965	198.126582	293.257316	382.519608	282.887931	311.296875	285.687973
Q15149	1593.01017	2859.04016	1788.5427899999993	1767.79175	1688.0	2234.65489	3028.30392	2453.15517	2780.26562	2177.19725
P41245	276.291525	434.811245	268.848411	273.42181800000003	228.670886	326.2320890000001	426.901961	343.922414	377.640625	316.730584
Q8WN95	1068.67119	1524.21285	1038.9022	1046.91636	864.974684	1299.23814	1769.63725	1367.81897	1425.9375	1269.71065
Q9JI35	192.077966	244.78714900000003	166.114914	164.34	123.227848	203.457114	272.921569	210.077586	213.453125	199.887285
P20618	96.2915254	141.851406	87.91687040000002	92.120979	74.08860759999997	109.194753	150.313725	123.663793	127.640625	107.067354
P18054	271.888136	374.164659	263.342298	256.190769	208.582278	323.653885	428.26470599999993	317.327586	346.6875	314.787629
O15151	168.118644	299.554217	179.10513400000005	194.566294	167.468354	223.581231	315.813725	262.784483	280.96875	217.233677
Q00987	157.966102	314.746988	178.305623	197.687692	173.607595	222.414733	313.980392	270.284483	290.34375	215.14364300000003
O94759	619.555932	853.5261039999998	595.528117	575.0179019999998	478.56962	736.75782	976.235294	733.439655	788.078125	718.332646
Q04609	302.054237	442.967871	288.166259	284.783497	240.329114	354.577195	466.715686	376.155172	390.90625	346.094158
Q15125	111.484746	114.84739	95.1369193	91.3125874	59.8101266	116.64884	149.892157	99.0	101.984375	114.464605
P10980	202.054237	261.493976	174.89486599999995	177.717203	140.291139	219.634712	302.196078	244.939655	227.8125	215.961512
Q9Y5Y6	323.983051	508.863454	315.02445	334.363636	266.759494	383.866801	519.431373	415.758621	453.203125	374.049485
Q9BYP7	601.0677969999998	1121.98795	644.6112469999998	651.2976219999998	628.78481	807.079717	1119.94118	987.672414	1012.21875	785.943643
P10636	219.230508	513.6224900000002	239.731051	239.245035	268.443038	301.403633	419.89215700000005	399.724138	454.875	288.324399
P11717	921.186441	1503.04418	898.3300730000002	992.885594	796.189873	1108.76791	1525.98039	1245.97414	1342.14062	1079.93196
Q9UQD0	855.738983	1121.94378	783.623472	775.353287	598.7215190000002	975.871847	1303.07843	1003.34483	1018.84375	954.586254
P78527	1674.09153	2346.53012	1617.35941	1607.16252	1341.18987	2020.28961	2731.48039	2072.56034	2200.10938	1972.56632
Q6P179	396.935593	537.297189	385.503667	381.614825	311.481013	478.476287	636.6176469999998	482.568966	494.484375	468.17732
Q13822	342.579661	506.34136500000005	342.134474	343.807832	292.063291	416.482341	546.0882349999998	419.318966	463.15625	404.447423
P70263	164.454237	183.144578	139.958435	139.523916	93.9746835	171.855701	230.411765	163.956897	163.75	169.182818
P35968	527.7050849999998	814.7389559999998	507.943765	526.516923	435.898734	636.070636	866.2843140000001	696.939655	727.53125	618.857045
Q60492	99.1389831	116.935743	89.002445	86.1562238	58.0	108.831483	140.117647	102.810345	103.03125	106.90378
Q01959	290.986441	331.13253	236.621027	240.587413	154.01265800000004	294.2603430000001	394.509804	292.818966	281.140625	289.101718
B2RXH2	189.566102	298.329317	192.378973	189.636783	165.341772	233.368315	305.6176470000001	249.603448	264.109375	227.966323
P35218	122.40339	171.28514099999995	120.721271	113.285315	96.5063291	146.256307	190.235294	150.81034499999996	152.203125	143.08522299999996
P42866	182.2	216.578313	153.08802	154.21958	109.949367	189.83552	260.254902	202.818966	185.015625	186.262543
O14757	188.19322	284.429719	188.320293	183.512727	165.341772	233.79112	310.480392	237.793103	262.15625	227.35945
P09601	110.108475	165.473896	113.349633	105.432727	99.3291139	140.504541	184.431373	145.577586	156.59375	136.96288700000002
P06241	204.715254	322.718876	206.599022	210.711189	179.417722	254.567104	333.607843	264.758621	289.65625	248.164261
P43235	127.823729	194.052209	125.06846000000002	130.778601	111.898734	154.347124	206.27451	165.612069	175.09375	151.285223
P23921	316.789831	462.080321	308.129584	317.278322	267.35443	384.326942	518.009804	411.12069	423.09375	375.843986
Q9BY41	155.711864	218.682731	139.513447	152.46643400000005	112.0	173.554995	236.519608	186.12069	193.96875	169.181443
Q2NNR5	164.623729	178.738956	139.52811699999998	138.495105	101.253165	173.290616	230.078431	166.465517	157.0625	170.88728500000005
Q9UNA0	347.369492	554.028112	336.5990220000001	352.006294	301.5696200000001	410.822402	554.2549019999999	444.14655199999993	500.234375	401.371821
P37058	140.874576	167.361446	119.095355	123.572727	88.1518987	151.20787099999995	205.941176	151.784483	150.734375	148.599313
Q92887	661.9355929999998	872.951807	601.98533	595.484755	466.544304	757.6831480000002	1030.9902	788.4137929999998	776.171875	743.864605
P12268	201.677966	305.963855	182.251834	197.161958	158.050633	230.562059	323.382353	266.232759	277.3125	225.834364
O00754	401.647458	579.610442	389.694377	372.436783	317.443038	475.617558	632.9215690000002	500.87931	514.71875	464.758076
Q12809	453.867797	696.192771	421.264059	410.73986	351.202532	520.2129160000002	711.6176469999998	577.1465519999998	609.796875	504.876289
P17538	105.457627	150.048193	88.7457213	97.2944056	70.3037975	111.178607	158.54901999999996	131.01724099999998	130.890625	109.114777
P09470	531.338983	744.46988	526.6943769999998	508.13272699999993	429.26582300000007	642.618567	841.4509800000002	651.422414	675.03125	627.1649480000002
P18089	191.094915	258.99196800000004	171.518337	167.33496499999995	130.974684	211.225025	281.196078	215.62069	225.28125	206.120962
Q14416	363.952542	488.144578	321.227384	329.9818180000001	245.518987	394.864783	540.4117650000002	425.517241	436.984375	387.115464
Q14994	144.17288100000005	196.080321	138.645477	135.263357	110.759494	171.633703	228.892157	168.396552	182.328125	167.69278400000005
P51679	178.04406799999995	183.24498	148.430318	154.91958	96.5696203	185.040363	243.254902	164.318966	159.46875	182.042612
P08473	293.376271	443.269076	291.6161370000001	300.425734	256.139241	363.269425	492.441176	398.327586	403.8125	355.527835
P11715	212.60339	290.248996	197.98533	190.348531	157.518987	247.672048	331.95098	251.810345	264.984375	241.2811
P08236	268.352542	374.662651	261.061125	254.380979	209.848101	319.251261	414.058824	317.887931	328.234375	312.049485
P00374	73.7966102	112.11245	74.5036675	70.8767832	64.9746835	92.8980827	120.666667	93.2413793	102.8125	90.2680412
Q9Y345	359.162712	437.15261	298.4376529999999	302.312448	211.746835	370.687185	497.333333	386.836207	371.3125	363.234364
O60755	164.525424	194.62249	134.290954	131.856224	95.9113924	163.130172	221.77451	165.37069	176.359375	160.153265
P37288	182.410169	225.955823	162.488998	155.081538	122.037975	197.963673	263.411765	208.560345	201.328125	195.148454
P80457	521.267797	774.987952	490.163814	502.603497	415.924051	610.927346	827.2450980000001	666.6293099999998	707.21875	596.0584190000002
Q15858	851.352542	1129.44177	786.200489	779.870909	618.126582	981.268416	1319.7549	1019.49138	1028.76562	960.575945
Q16875	201.101695	311.84739	205.075795	202.841958	185.177215	253.052472	337.862745	265.387931	290.09375	246.013746
Q13393	439.566102	629.8152610000002	436.06601500000005	413.298042	365.329114	535.495459	703.509804	544.3793099999998	580.6875	522.663918
Q6T3U3	572.420339	727.64257	495.105134	508.886853	369.227848	617.827447	853.8627449999998	655.793103	642.546875	604.9072160000002
Q62668	411.447458	508.04417699999993	347.02934	348.800559	249.810127	434.366297	589.186275	450.37069	433.03125	425.449485
P43405	246.32542400000003	373.73494	247.007335	247.83104900000004	218.886076	304.420787	399.509804	314.232759	343.78125	297.138144
P11229	190.247458	262.313253	177.205379	172.053287	144.658228	218.429869	287.754902	220.16379300000003	233.921875	213.4811
Q00194	273.738983	415.923695	275.863081	276.585455	246.594937	345.152371	457.284314	356.948276	388.890625	336.459107
Q96RJ0	174.525424	170.751004	141.838631	139.955105	89.4050633	175.004036	230.745098	162.22413799999995	149.875	172.589003
Q9R1M7	456.454237	648.8152610000002	436.731051	421.861259	349.0253160000001	538.814329	725.647059	569.922414	578.109375	526.593127
O43174	209.711864	283.0	195.775061	189.015105	153.278481	242.484359	319.519608	232.612069	259.21875	236.24329900000004
A0A059UE90	162.20678	251.136546	156.938875	156.066154	140.455696	194.515641	263.539216	213.405172	223.5625	189.493471
Q9UM81	581.5728809999998	911.004016	572.677262	556.0320280000002	494.949367	706.374369	935.313725	768.387931	798.828125	686.9800690000002
P28564	179.230508	207.297189	149.92176	150.065874	108.126582	187.74773	256.352941	192.939655	182.203125	184.228179
P31648	285.779661	322.0361450000001	234.753056	238.024615	154.10126599999995	290.172553	381.598039	282.896552	266.859375	285.862543
P49862	96.3728814	147.542169	90.58679709999998	94.7504895	79.36708859999997	112.400605	155.333333	122.293103	132.84375	109.701031
P00451	883.9423730000002	1393.77108	910.051345	886.177622	808.594937	1124.47225	1505.7549	1226.41379	1261.59375	1097.94364
Q9BY08	99.3728814	103.317269	82.0122249	86.5846154	51.0126582	101.683148	133.833333	88.1206897	92.3125	99.9697595
P21917	194.830508	268.03614500000003	155.885086	157.332727	122.898734	191.89001	269.176471	209.301724	232.78125	184.551203
Q9H2K8	315.833898	533.381526	365.833741	350.677203	349.34177200000005	454.715439	605.5882349999998	480.62931	533.1875	443.568385
O14983	414.935593	574.401606	368.02445	384.686573	291.240506	464.790111	644.0	514.5	529.078125	452.835052
P49759	183.250847	289.522088	202.246944	192.656364	183.303797	242.786075	316.764706	242.991379	280.328125	236.469416
P34913	230.32542400000003	309.220884	215.750611	211.616923	171.544304	267.71443	356.686275	272.456897	290.796875	260.791753
Q9Y263	306.566102	470.333333	286.5623470000001	305.696503	242.60759500000003	357.56004	500.058824	410.137931	417.734375	349.345017
Q1HEC0	982.966102	1423.28514	939.809291	933.08965	768.7215190000002	1167.79415	1584.01961	1262.12931	1296.96875	1139.1525800000004
Q9NQW7	251.427119	361.61847400000005	236.733496	242.244476	193.886076	294.191726	397.784314	313.715517	332.828125	285.918213
Q9Z2V5	445.257627	644.955823	413.93643	435.758601	333.696203	513.267407	713.068627	575.6293099999998	598.171875	499.849485
P40925	134.74576299999998	193.11245	120.410758	125.699301	103.417722	153.35923300000005	215.068627	173.991379	180.328125	150.068041
P17289	188.254237	281.345382	186.564792	183.566993	157.088608	229.363269	310.705882	245.336207	270.015625	222.64055
Q92630	226.338983	360.373494	224.745721	215.608252	204.936709	277.513623	370.862745	299.8103450000001	324.3125	271.076976
P21673	74.36949150000002	93.9718876	70.86552569999998	72.60279720000003	52.65822779999999	86.8213925	112.166667	81.91379309999998	90.453125	84.55189
P19327	183.345763	237.204819	157.706601	160.495804	121.797468	196.654894	269.843137	207.793103	209.078125	192.718213
P24557	225.979661	296.542169	211.305623	199.642657	163.772152	260.72553	345.039216	257.353448	276.46875	253.856357
Q08188	268.508475	416.176707	254.91687	255.904476	215.253165	317.172553	436.990196	369.12069	362.765625	310.618557
P21453	180.39322	207.903614	149.709046	149.805734	108.35443	188.0333	258.343137	190.146552	180.65625	185.087973
P29475	545.450847	861.449799	545.227384	535.444895	478.405063	674.30777	898.7549019999999	722.094828	780.03125	656.157388
P20813	210.474576	276.405622	198.699267	185.113147	153.050633	245.72553	319.519608	234.034483	252.375	239.239863
P00734	229.891525	374.365462	235.205379	245.116923	205.278481	287.047427	383.764706	306.525862	343.515625	278.872165
P14735	416.308475	582.473896	413.728606	403.287273	346.822785	513.9414730000002	673.794118	505.534483	548.0	499.679725
P55156	347.735593	528.610442	333.748166	341.003776	292.696203	422.40766900000006	580.4117650000002	463.413793	478.375	413.7704470000001
Q9Y5N1	191.427119	244.35743	165.860636	162.891189	122.43038	202.612513	270.862745	208.301724	213.78125	198.885223
Q8WMX0	34.3152542	99.0843373	46.6748166	45.4854545	55.0253165	57.02421800000001	75.62745100000002	73.0	90.65625	54.4996564
P61169	202.898305	241.779116	180.792176	168.824196	139.10126599999998	223.281534	297.921569	225.37931	218.34375	218.778007
P19602	246.332203	344.566265	236.293399	236.194545	195.316456	294.3158430000001	394.980392	303.8017240000001	319.875	287.001375
P49286	176.691525	188.714859	140.735941	139.044615	92.3037975	174.29566100000005	237.196078	172.043103	162.53125	171.08316200000004
O00750	640.966102	962.722892	632.168704	623.301958	536.6835440000001	779.433905	1046.03922	805.284483	875.421875	758.1676980000002
O43526	331.118644	537.6465860000002	320.740831	312.053007	284.860759	393.180626	524.0784309999998	427.456897	472.828125	382.446735
Q02759	274.610169	372.441767	261.303178	257.976923	206.886076	321.86781	427.313725	319.922414	343.765625	313.830241
P41586	213.20678	249.678715	186.699267	190.065175	126.64557	228.924319	303.813725	225.982759	221.75	224.72921
P49841	162.491525	251.289157	157.386308	156.164615	141.025316	195.105954	264.0	214.12931	223.484375	190.125773
Q99250	855.2949150000002	1132.6706800000004	789.4621030000002	790.527832	614.1645570000002	986.356206	1326.89216	1027.48276	1035.17188	965.789691
Q8VCT3	258.19661	372.008032	245.132029	247.683636	198.835443	302.262361	400.303922	314.284483	336.40625	293.982131
P00915	95.5084746	154.59839399999996	95.5794621	93.6827972	86.8734177	117.893037	162.058824	139.801724	138.484375	115.158076
P42338	451.240678	607.7751	428.728606	425.740979	349.936709	535.5973759999998	716.323529	530.672414	566.703125	522.1402059999998
Q9R1K8	312.7016950000001	461.297189	309.290954	307.040559	268.506329	384.146317	519.598039	402.706897	428.625	374.591753
O43683	407.972881	626.702811	414.107579	411.277063	366.64557	514.201816	694.6176469999998	563.318966	586.296875	501.553265
Q99705	186.440678	235.253012	155.645477	155.594266	113.177215	193.403633	263.284314	207.456897	196.65625	189.999313
P0C869	298.505085	452.614458	299.246944	295.412028	247.012658	369.348133	496.058824	378.991379	411.328125	358.902405
Q9NR97	434.559322	589.4297190000002	417.185819	413.658042	336.202532	522.214934	718.205882	540.706897	527.375	510.893471
Q8K4F2	278.949153	385.955823	261.887531	252.163357	205.78481	323.38446	431.441176	330.034483	348.59375	314.212371
Q13002	376.325424	520.473896	353.139364	349.885035	285.265823	439.457114	587.4117650000002	460.698276	468.265625	430.50378
Q96FL8	265.922034	304.626506	210.621027	218.912448	138.177215	267.951564	371.833333	269.663793	258.0625	263.367698
O43570	142.484746	203.514056	133.430318	133.481119	110.367089	165.85368300000005	226.264706	179.887931	177.875	162.038488
Q09128	206.389831	297.0361450000001	209.691932	194.837902	180.227848	259.767911	338.95098	249.698276	280.6875	252.664605
P13807	285.40339	426.297189	286.466993	282.814126	238.189873	349.597376	465.656863	371.732759	393.828125	340.846735
Q15722	157.60339	186.907631	126.584352	122.281259	88.83544300000001	158.69223	220.568627	167.465517	164.6875	156.666667
O76074	338.759322	501.546185	341.5916870000001	346.908811	293.5696200000001	425.75782	583.490196	461.284483	477.421875	416.142268
Q8BGY9	270.389831	316.6305220000001	215.317848	227.573846	143.582278	271.092836	369.382353	284.525862	260.234375	266.921649
Q9UQL6	381.033898	688.722892	394.753056	395.996224	366.898734	495.297679	683.1176469999998	577.5	614.8125	481.04055
P07339	167.42033899999996	245.068273	146.344743	157.405175	120.278481	184.075681	253.166667	203.586207	207.90625	179.73539499999995
P04114	1781.99661	2662.2249	1754.7970699999996	1755.6918899999996	1532.70886	2214.03935	3023.67647	2409.39655	2422.32812	2166.9683800000007
Q16539	149.030508	204.365462	142.78973100000005	142.865734	116.151899	177.770938	241.098039	183.896552	190.84375	173.156701
P12785	983.962712	1449.77912	899.415648	926.828671	733.7215190000002	1128.48234	1570.77451	1254.41379	1296.78125	1101.25911
O75164	390.759322	635.518072	407.418093	415.551608	363.670886	500.243189	667.029412	543.301724	599.4375	486.172509
P15393	210.491525	271.104418	203.479218	181.145874	157.962025	249.715439	329.264706	252.0	255.1875	244.889347
Q9Y468	297.0677970000001	509.799197	302.770171	302.796503	271.78481	369.367306	499.647059	418.37069	460.65625	356.315464
P08842	245.037288	325.116466	226.100244	220.494406	172.658228	277.38647799999995	368.598039	277.637931	289.5625	270.787629
P29375	630.444068	994.425703	654.457213	651.453287	588.341772	812.861756	1088.32353	848.3448279999999	968.078125	788.946392
P35368	218.461017	302.060241	192.511002	188.032028	152.79746799999995	238.092836	321.245098	247.982759	261.765625	232.271478
O75385	378.850847	646.2369480000001	365.650367	350.437343	331.43038	452.803229	625.401961	529.310345	562.640625	438.92646
P12821	525.827119	735.9076309999998	521.0953549999998	503.274266	422.316456	636.5580219999998	836.686275	642.6293099999998	668.625	621.369072
P41968	167.861017	155.855422	126.327628	132.808671	71.62025320000002	158.335015	221.205882	157.98275900000004	137.03125	155.934021
P16220	110.230508	213.120482	115.195599	121.313147	117.139241	146.708375	211.411765	197.077586	187.765625	143.878351
P10635	207.698305	277.253012	193.215159	177.341538	145.98734199999996	238.061554	315.323529	235.55172400000004	255.015625	231.414433
P05091	203.861017	301.1847390000001	186.515892	194.353147	157.189873	232.254289	316.068627	260.974138	270.53125	227.647423
P17599	235.010169	454.365462	237.278729	218.168531	239.873418	291.994955	395.960784	363.965517	380.625	282.988316
P28335	215.99661	252.638554	182.232274	174.402657	131.89873400000002	228.502523	311.539216	234.80172400000004	222.203125	223.582131
P27986	266.467797	446.405622	286.726161	285.769231	268.177215	357.241171	475.89215700000005	377.689655	410.59375	346.947766
P34972	165.87118600000005	186.481928	136.259169	140.127133	93.5316456	170.052472	235.176471	168.793103	170.125	166.831615
Q9ULX7	131.854237	196.534137	127.163814	128.95258700000002	104.468354	158.056509	213.166667	166.741379	170.34375	154.092096
P30969	158.213559	164.30923700000002	137.359413	127.349231	94.3670886	169.755802	221.098039	153.896552	146.6875	167.43711299999995
P23280	122.874576	175.562249	122.166259	120.624196	101.367089	149.368315	198.411765	157.77586200000005	154.515625	146.32921000000005
P05186	200.752542	299.506024	188.102689	196.727413	161.873418	233.728557	323.284314	269.724138	275.53125	228.52646
P21397	218.047458	309.277108	205.735941	206.547692	169.949367	254.926337	333.666667	260.155172	279.1875	248.589003
P33436	255.230508	395.02008	250.410758	261.828252	212.822785	304.975782	396.039216	311.344828	352.40625	296.24811
P10721	394.132203	565.5220879999998	373.303178	382.171748	315.0253160000001	463.517659	627.22549	500.258621	512.484375	452.56769800000006
P04401	53.9525424	73.49799200000002	54.190709	51.4121678	43.6455696	67.370333	88.7352941	66.11206899999999	70.09375	66.0893471
P49763	85.5016949	131.052209	84.76283620000002	78.4837762	71.11392409999998	102.108981	133.980392	103.887931	120.0625	98.5890034
Q08493	253.691525	423.811245	265.251834	265.238182	235.329114	329.421796	460.77451	377.508621	398.78125	319.760825
Q02734	161.077966	212.879518	146.041565	143.28321699999995	115.278481	181.599395	240.823529	180.362069	191.953125	177.54089299999995
P39900	193.955932	270.353414	189.398533	180.788951	156.20253200000005	231.320888	298.186275	231.12931	242.234375	226.216495
P06737	349.277966	486.923695	337.6283620000001	333.808112	284.063291	420.766902	560.7549019999999	432.672414	456.046875	411.041924
Q15119	166.19661000000005	235.128514	158.369193	156.511049	131.417722	196.05449	264.088235	209.327586	209.46875	191.43299
P08684	217.40678	286.084337	201.03423	192.077483	159.89873400000005	251.82139300000003	331.0490200000001	245.017241	261.171875	244.989003
P18125	210.32542400000003	278.963855	196.772616	196.147552	159.68354399999996	244.400605	327.715686	247.517241	258.78125	239.306529
O43451	742.823729	1092.16466	715.347188	715.441538	582.6962030000002	877.350151	1168.03922	943.5	938.953125	855.7835050000001
P80041	205.511864	265.7751	183.90709	185.486573	137.759494	226.656912	305.333333	232.439655	250.203125	221.671478
P08238	262.162712	445.586345	281.5501220000001	291.359301	262.329114	355.640767	480.313725	388.318966	434.875	344.469416
Q07820	127.274576	218.24498	119.643032	120.705734	104.278481	149.84561000000005	206.676471	177.094828	195.234375	145.108591
P15559	114.735593	155.449799	106.94376499999998	103.923636	87.25316459999998	132.899092	174.421569	135.431034	142.359375	130.23024099999998
P08173	207.837288	262.421687	182.574572	172.173566	146.67088600000002	227.0444	306.323529	244.853448	233.640625	222.939519
Q03181	172.26101699999995	250.578313	170.464548	172.496783	147.113924	211.695257	284.803922	220.931034	241.015625	206.678351
P49430	223.318644	295.096386	206.388753	201.005734	157.67088600000002	256.028254	344.6176470000001	260.12931000000003	274.546875	249.08934700000003
O15305	96.7864407	150.75502	96.5256724	99.3386014	84.1772152	119.89001	157.0	119.362069	137.296875	116.669416
P10686	490.637288	767.6064259999998	511.90709	504.16951	443.22784800000005	627.920283	829.676471	655.258621	713.359375	611.0474230000002
P23946	101.657627	141.012048	93.3838631	90.0367832	75.9367089	115.339051	153.578431	115.939655	126.34375	112.454983
O75908	243.586441	271.064257	215.356968	202.892168	143.873418	261.979818	336.784314	233.258621	241.828125	256.99518900000004
Q9WUL0	263.183051	472.313253	319.361858	297.182797	337.151899	394.710394	504.196078	392.327586	494.921875	382.6
P49116	223.162712	361.53012	213.93154	225.400839	189.962025	269.781029	382.607843	322.3793100000001	317.734375	263.98488
P08246	112.820339	151.2249	94.202934	93.9883916	70.5822785	116.158426	164.26470600000005	130.77586200000002	130.375	114.028179
Q13107	352.549153	574.485944	363.645477	379.170629	326.278481	447.956609	605.990196	490.508621	527.109375	436.229553
P27169	148.366102	201.987952	134.545232	139.68391599999998	105.810127	169.679112	231.176471	178.637931	178.71875	164.997251
O00748	226.59322000000003	316.457831	208.684597	204.016503	162.278481	258.514632	349.176471	277.80172400000004	282.21875	252.380069
Q5S007	1047.10169	1432.0923699999996	982.537897	992.578182	797.113924	1239.00101	1707.20588	1282.38793	1335.32812	1208.77045
O95352	287.227119	393.831325	263.090465	271.235245	211.367089	327.278507	448.04902	343.603448	362.546875	319.3738830000001
Q13698	822.362712	1043.61847	739.733496	730.246154	550.2531650000002	920.943491	1229.70588	928.982759	941.109375	900.4137460000002
P10828	179.552542	263.60241	181.462103	184.522937	156.164557	223.759839	299.166667	227.086207	257.828125	217.525773
P17706	158.427119	246.831325	169.711491	161.58293700000004	150.417722	208.140262	272.088235	214.086207	229.953125	203.318213
P06746	124.301695	206.967871	130.413203	128.33818200000002	123.822785	162.920283	215.539216	172.577586	194.515625	158.599313
P29477	449.145763	659.518072	451.772616	436.651189	379.962025	555.2774969999998	731.0882349999998	564.3534480000002	602.4375	541.7085910000002
P37059	169.837288	210.927711	146.49633300000005	152.90042	111.050633	182.79112	245.245098	179.68965500000004	189.234375	179.418557
P28907	120.874576	173.42168700000005	118.616137	118.930769	98.6962025	145.633703	195.941176	149.344828	160.59375	141.989691
E1BN64	423.267797	672.586345	418.215159	415.650769	353.78481	514.652876	703.156863	566.905172	600.828125	499.063918
Q28156	338.894915	494.068273	336.584352	343.2145450000001	285.696203	419.763875	576.7549019999999	456.448276	470.96875	410.196564
Q03114	119.891525	167.694779	115.347188	114.81035	97.5822785	143.810293	191.735294	137.47413799999998	158.328125	139.417182
P97313	1684.3288100000002	2334.88353	1632.54279	1624.04839	1345.53165	2039.06357	2754.0098	2079.65517	2191.29688	1991.97045
Q9EQ60	940.60339	1374.9076300000004	879.102689	859.4616779999999	709.481013	1079.95358	1468.5098	1175.10345	1235.07812	1050.43093
P42225	284.589831	441.497992	303.5794620000001	293.125874	265.468354	378.288597	503.078431	388.87069	410.328125	368.56701
P15150	214.80678	275.345382	205.246944	185.259301	157.746835	252.0222	330.647059	243.70689700000003	255.8125	246.405498
P46197	428.99322	601.8995980000002	399.811736	395.828811	318.34177200000005	494.617558	665.460784	513.8965519999998	545.859375	482.611684
Q9Y271	163.616949	172.48996	137.992665	136.207832	97.835443	171.728557	227.764706	161.853448	156.1875	169.334708
P21452	189.820339	197.048193	155.557457	155.435524	102.278481	191.282543	256.088235	191.956897	175.859375	188.890034
Q92769	179.461017	297.951807	185.706601	198.834685	171.32911399999998	228.379415	303.882353	247.784483	278.234375	222.171134
P16471	233.24406800000003	367.385542	232.672372	236.925874	204.35443	288.213925	385.87254900000005	310.8103450000001	332.890625	278.582131
P01375	93.0135593	138.353414	85.92665040000001	86.06377619999998	70.0506329	107.727548	147.196078	115.767241	119.9375	104.96701000000002
Q08499	281.962712	492.891566	302.801956	296.635664	278.936709	374.152371	515.931373	435.094828	455.984375	362.37457
P32300	173.162712	197.148594	138.665037	138.568392	97.0126582	173.034309	239.215686	181.017241	174.71875	170.05567
P54577	206.491525	313.722892	200.633252	202.886573	180.848101	255.037336	340.5294120000001	260.224138	298.65625	247.164261
P42346	1035.96271	1430.10843	993.687042	971.063217	810.6835440000001	1237.2744699999996	1681.60784	1298.16379	1343.40625	1209.9903800000004
P34949	170.677966	237.751004	156.288509	159.647413	128.481013	197.192735	272.705882	213.396552	217.1875	192.125773
Q9NZ45	44.3525424	60.15261039999999	41.8264059	42.07440560000001	36.835443	51.4732593	69.4313725	55.63793100000001	59.375	50.5175258
Q8HY88	183.511864	232.919679	155.29828899999995	155.50965	112.734177	196.74773	268.568627	210.87931	200.5625	193.004124
Q9H160	89.2305085	178.00401599999995	111.933985	114.107413	118.101266	137.619576	183.431373	146.293103	174.6875	133.761512
Q9Y233	318.813559	443.26506	302.875306	312.112727	247.291139	377.238143	511.529412	396.87069	409.6875	368.685911
P51449	189.783051	308.108434	196.731051	197.675524	176.772152	240.94551	323.352941	253.396552	283.78125	235.178694
Q6V1X1	365.467797	535.120482	358.337408	358.475105	292.0759490000001	440.905146	578.04902	449.189655	477.859375	428.461856
P09960	246.511864	350.228916	237.880196	238.171608	196.594937	296.25227	396.598039	304.8793100000001	319.796875	288.5030930000001
P19099	216.484746	272.128514	204.07824	185.191608	155.759494	251.007064	330.147059	239.577586	254.125	245.32164900000004
Q01062	378.284746	519.11245	354.706601	375.017902	287.632911	444.801211	619.862745	471.0	491.515625	433.814433
Q8IV61	273.088136	394.61847400000005	268.105134	268.872867	224.30379700000003	331.784057	448.127451	346.3103450000001	371.75	323.317526
Q14469	99.9423729	170.751004	94.6479218	86.6676923	90.6708861	117.016145	161.215686	145.18965500000004	149.8125	113.152577
P02751	839.013559	1513.95984	855.938875	888.355245	786.531646	1053.62563	1420.32353	1238.5431	1268.375	1022.2
P53671	253.779661	370.799197	247.0978	248.903357	206.56962	304.474268	407.441176	313.25	344.3125	295.97732
P00519	386.522034	704.8393570000002	399.08313	393.93007	388.822785	495.519677	675.45098	586.508621	639.34375	480.747766
P54098	467.267797	734.281124	476.03423	457.938182	410.810127	583.545913	768.029412	606.327586	668.765625	567.79244
P49187	187.59661	268.18473900000004	179.112469	182.611608	154.265823	223.238143	304.147059	240.043103	247.59375	217.823368
Q9UF33	424.922034	608.8152610000002	397.107579	397.040839	319.607595	489.043391	653.5784309999998	519.155172	542.5625	476.46323
Q92731	209.108475	303.3654620000001	200.283619	200.979441	171.481013	246.652876	339.362745	266.05172400000004	281.609375	240.769759
Q9UM73	613.545763	978.417671	582.114914	582.200979	493.835443	717.911201	972.0	799.206897	851.078125	697.517526
Q16288	348.481356	483.461847	322.618582	324.184056	254.78481	400.118063	543.460784	423.672414	425.09375	390.030928
P11064	62.2508475	93.4216867	61.4352078	64.5655944	53.9873418	75.7023209	104.980392	82.66379309999998	87.375	74.01099659999998
O95372	98.020339	124.116466	81.7212714	81.588951	62.2278481	102.336024	142.696078	113.741379	115.78125	99.5477663
P06239	197.050847	305.493976	198.454768	196.952867	166.443038	244.266398	322.490196	255.318966	273.234375	237.075601
P08487	492.640678	765.8192769999998	510.452323	504.50965	441.012658	625.724521	827.27451	651.948276	713.953125	608.870103
Q8TCT1	105.6	154.277108	100.374083	99.3355245	81.5696203	121.709384	165.22548999999995	130.051724	142.890625	118.732646
Q8BJ56	195.315254	281.899598	180.193154	178.69035	147.531646	224.745711	309.401961	240.689655	254.796875	217.629553
P23739	748.0881360000002	1085.40964	727.08313	714.189231	590.886076	891.1271439999998	1162.97059	931.905172	932.265625	868.540206
P11388	556.779661	940.329317	593.733496	582.141818	574.670886	744.379415	990.5	801.974138	892.203125	724.323024
P07949	436.633898	651.891566	419.290954	424.593566	348.316456	516.161453	697.666667	547.060345	592.421875	502.060481
P13945	182.457627	214.39759	146.444988	140.46993	101.924051	180.435923	248.519608	187.181034	190.046875	175.82405500000004
Q9Y2D0	128.789831	180.337349	127.672372	118.915245	105.101266	156.079717	203.578431	153.327586	166.921875	151.610997
O14965	147.315254	244.991968	157.349633	146.916224	149.177215	194.967709	257.382353	203.034483	224.765625	189.600687
Q86U86	626.369492	1032.54217	658.806846	646.158182	618.0	816.145308	1083.4902	868.1379310000002	969.109375	790.920275
P14555	56.1118644	80.7389558	54.4572127	61.42727270000001	49.9873418	65.7497477	87.6078431	64.6206897	76.96875	64.89484540000001
P41597	179.037288	201.907631	147.669927	147.508951	100.303797	184.537841	244.029412	173.06034499999996	172.96875	181.145704
P09917	284.152542	385.116466	273.352078	271.287972	217.797468	336.850656	443.833333	336.077586	354.484375	328.270103
P36544	221.230508	278.2249	195.012225	197.657203	143.31645600000004	240.689203	323.676471	239.594828	247.40625	234.667354
Q63704	318.40339	432.116466	307.5623470000001	299.861958	247.810127	375.557013	493.529412	379.051724	396.5	368.321649
P13569	631.8101690000002	847.8192769999998	585.716381	571.0730070000002	458.240506	734.962664	986.088235	748.801724	756.484375	720.7560139999998
P25774	130.091525	189.441767	127.867971	134.716923	111.835443	156.140262	207.088235	162.681034	175.0625	153.246048
Q9P0X4	907.874576	1282.66265	823.7677259999998	823.564336	644.177215	1016.95964	1393.28431	1096.39655	1146.875	989.358076
P29317	380.877966	574.273092	362.286064	372.733427	303.35443	447.096872	600.931373	489.12931	517.1875	435.846735
P51787	278.057627	400.718876	255.606357	239.38993	210.012658	315.458123	416.156863	325.258621	349.96875	307.90378
O14684	72.98983050000002	76.0441767	60.797066	56.6875524	41.3417722	74.568113	98.86274509999998	69.6465517	70.734375	73.1120275
P11344	214.288136	309.718876	208.232274	209.334965	166.303797	252.408678	335.990196	261.112069	271.21875	245.986942
P51617	261.718644	429.136546	249.012225	245.760839	215.683544	306.859738	421.76470599999993	352.008621	374.796875	297.14433
P11926	183.650847	265.582329	170.374083	181.438182	142.164557	211.800202	291.833333	237.448276	246.15625	206.874227
Q9NRM7	390.989831	662.939759	399.613692	385.815804	374.278481	490.162462	654.803922	544.172414	600.265625	474.932646
Q15393	482.511864	717.032129	454.359413	466.444755	372.113924	568.84662	778.215686	625.060345	644.5	553.835739
P53634	188.372881	264.851406	175.689487	187.69021	142.696203	214.982846	285.0490200000001	225.62069	232.8125	210.770447
Q9UBN7	452.813559	703.305221	424.469438	451.136364	350.012658	527.207871	738.303922	620.3534480000002	632.8125	513.639863
Q99884	303.823729	332.678715	248.119804	253.032867	157.658228	308.388496	406.343137	286.836207	283.546875	302.762199
P23975	297.230508	321.481928	244.594132	245.486294	157.20253200000005	303.234107	398.588235	285.3793100000001	274.390625	298.361512
P23574	205.657627	262.839357	188.779951	185.806154	143.10126599999995	232.42886	306.235294	231.068966	229.46875	227.602749
P60568	64.7084746	82.47389559999998	61.64547679999999	61.25566429999999	49.8607595	78.5257316	107.22549	78.9310345	77.46875	76.89415809999998
P20839	203.111864	305.88755	180.0978	194.973566	152.31645600000004	228.23108	319.1176470000001	264.224138	271.890625	223.731271
P42356	869.9491529999998	1199.71084	811.655257	817.787413	662.1518990000002	1010.86478	1371.11765	1054.86207	1093.54688	987.289347
P09874	375.057627	612.718876	379.110024	387.23622400000005	363.177215	477.325933	643.401961	517.017241	582.125	465.540893
P56560	217.162712	302.8554220000001	200.723716	199.285734	160.78481000000005	249.244198	328.421569	251.681034	270.953125	242.602749
Q13547	178.00678	292.253012	186.127139	197.288112	170.139241	229.513623	303.95098	246.362069	275.875	222.971821
P21588	242.084746	334.120482	216.826406	222.386993	174.227848	272.23108	368.813725	286.344828	293.578125	265.887285
P24666	60.72203390000001	93.7188755	61.1246944	65.32097900000001	54.8227848	75.14127140000002	102.931373	82.32758620000001	87.484375	73.4329897
Q96PN6	709.244068	875.9638550000002	664.1589240000002	662.785175	510.924051	825.126135	1092.10784	796.327586	818.765625	808.10378
P11274	447.976271	786.228916	478.393643	467.471888	448.860759	591.310797	797.7352940000002	660.784483	725.65625	574.732646
Q8IU80	329.772881	470.140562	303.645477	322.167832	239.594937	372.913219	502.441176	376.905172	414.859375	363.453608
Q9UKV0	353.138983	617.702811	365.616137	360.029231	341.443038	458.383451	634.705882	529.181034	556.21875	445.80687300000005
O75608	94.440678	132.144578	80.72616140000002	82.9193007	64.4050633	101.490414	142.882353	118.017241	114.984375	99.0639175
O60341	312.752542	512.1606429999998	305.117359	304.342238	276.07594900000004	382.085772	520.303922	436.068966	465.96875	371.193127
P11474	163.033898	248.895582	148.73838600000005	153.948531	125.227848	186.868819	256.87254900000005	199.758621	232.8125	180.676976
O75762	475.955932	615.0923690000002	442.259169	444.852168	349.78481	552.905146	751.127451	565.3793099999998	575.953125	541.1003440000002
Q8R455	474.00339	612.5381530000002	449.122249	448.90042	348.5696200000001	556.67003	739.686275	552.1206900000002	565.09375	545.837113
O15245	255.20678	296.542169	210.542787	214.748392	141.79746799999995	263.416751	356.676471	258.672414	257.5	258.008935
P42858	1245.81695	1806.82329	1162.75306	1173.46434	953.531646	1462.99294	2047.56863	1616.12069	1632.0	1425.74708
Q91WR5	135.359322	183.389558	127.863081	130.062657	105.607595	159.030272	212.421569	157.76724099999996	171.34375	154.954639
Q04206	199.962712	346.465863	197.943765	186.906853	182.240506	244.771948	333.37254900000005	283.5603450000001	302.109375	235.220619
O54967	387.010169	647.88755	393.647922	359.275105	354.924051	482.391524	637.803922	512.862069	578.734375	463.990378
A0AVT1	418.39322	605.879518	399.276284	404.676923	334.898734	500.599395	682.205882	539.284483	561.875	487.21924400000006
O75751	258.779661	306.666667	212.198044	210.733706	141.40506299999996	264.19778	352.12745099999995	255.95689700000003	259.9375	258.56701
Q6QHF9	255.132203	372.228916	231.334963	238.094685	175.822785	287.120081	389.264706	310.905172	332.375	279.250859
Q9NVM4	280.738983	389.546185	268.41320299999995	268.397063	210.797468	328.100908	442.0	342.456897	366.09375	318.3738830000001
P08172	200.528814	261.678715	175.640587	177.235245	142.68354399999996	220.353179	304.039216	247.70689700000003	229.0	216.49622
P79208	247.8	342.485944	239.858191	236.184895	196.151899	295.440969	386.284314	295.612069	312.390625	288.074227
P08909	216.301695	254.02008	182.608802	173.682517	134.01265800000002	229.07669	310.696078	233.396552	223.1875	224.20756
P0DMS8	166.949153	156.148594	130.220049	130.728252	79.1012658	164.015136	221.323529	152.387931	135.65625	161.86185600000005
Q8IXJ6	145.149153	231.329317	143.599022	149.567552	124.797468	178.523713	242.333333	191.146552	214.90625	173.083849
P09417	93.559322	136.935743	82.4938875	87.2541259	68.0	103.152371	145.009804	125.637931	126.125	101.582818
P42345	1037.40678	1428.57028	994.574572	971.122657	810.772152	1238.23915	1681.46078	1297.72414	1342.85938	1210.82955
Q00960	571.698305	886.337349	558.0978	565.999301	484.455696	687.595358	936.156863	777.431034	795.484375	671.804124
P16050	274.39661	377.148594	258.89486600000004	252.835105	203.189873	320.491423	423.921569	311.215517	345.765625	311.636426
Q9Y256	155.481356	170.26506	123.464548	124.416084	77.08860759999997	153.485368	208.098039	140.198276	149.53125	149.608935
O60760	85.4745763	110.771084	82.9804401	81.0893706	66.0126582	102.569122	134.598039	98.6810345	103.453125	99.9237113
P11712	209.383051	280.024096	193.630807	188.14965	153.949367	242.227043	322.705882	240.405172	254.125	235.601375
P02550	176.467797	263.562249	165.797066	179.337902	135.341772	205.54995	280.588235	230.448276	240.359375	200.097595
Q00342	399.044068	579.220884	388.312958	397.378462	319.924051	478.608476	639.77451	503.017241	523.984375	467.436426
Q9QWJ9	354.986441	565.534137	345.799511	357.477622	295.696203	425.889001	567.627451	465.008621	492.546875	414.164261
P15589	237.528814	313.216867	209.821516	207.025175	156.20253200000005	255.532795	345.333333	268.275862	284.328125	249.041237
Q8WUI4	345.366102	579.4538150000002	337.134474	317.575944	299.506329	417.712412	573.5588240000002	471.12069	514.9375	403.256357
O00255	232.098305	369.236948	227.677262	225.132168	197.759494	282.410696	376.960784	301.741379	333.71875	274.147079
Q64654	208.935593	289.120482	195.821516	193.57986	160.0	243.592331	321.607843	243.16379300000003	259.109375	237.729897
P07451	100.762712	152.670683	101.779951	96.6346853	87.5443038	123.682139	161.617647	126.689655	139.765625	119.90378
Q8NFD2	308.949153	425.738956	285.205379	285.162517	232.240506	355.7739660000001	493.078431	381.87931	399.953125	347.3099660000001
Q9NUX5	260.355932	367.361446	243.508557	251.775245	200.012658	305.41776	417.686275	319.396552	324.171875	298.296907
A2AGL3	1926.9322	2809.70683	1881.83374	1916.51818	1559.41772	2346.30071	3168.42157	2451.65517	2617.82812	2286.99381
Q9P0G3	104.325424	159.92771100000004	97.1320293	97.2096503	82.1265823	118.9889	161.04901999999996	128.93965500000002	135.59375	116.491409
P41229	579.338983	933.558233	593.540342	589.8448950000002	520.455696	735.085772	988.27451	770.543103	880.53125	709.861856
P06211	234.552542	339.835341	226.422983	223.423357	193.797468	278.241171	379.970588	306.094828	316.484375	271.76151200000004
P21836	249.227119	354.582329	232.00489	223.700979	180.227848	283.010091	373.431373	291.25	309.515625	275.353952
Q61214	270.091525	454.036145	285.572127	278.782098	266.443038	347.812311	471.941176	405.413793	410.0	340.987629
P29372	108.416949	181.875502	110.190709	103.842937	101.227848	134.139253	177.313725	144.62069	165.453125	130.472852
Q9P1W9	128.084746	185.634538	115.611247	111.851469	89.22784809999997	142.61553999999995	188.95098	140.293103	162.5	136.783505
Q62053	160.454237	197.144578	139.92176	140.48965	100.759494	172.858729	237.176471	174.98275900000004	173.5	170.173196
Q9UHC9	588.413559	739.405622	500.317848	524.112168	366.063291	626.374369	872.4901960000002	668.1465519999998	646.75	614.375258
Q9NUW8	226.915254	361.827309	232.061125	226.68993	209.594937	285.286579	377.862745	306.905172	329.78125	277.707216
P33032	163.39661	159.196787	129.08802	130.266154	79.3924051	159.997982	221.460784	162.448276	144.4375	158.204811
Q6ZVD8	500.254237	775.614458	485.591687	508.183497	414.088608	611.232089	861.0882349999998	681.956897	701.78125	594.492096
P14902	164.311864	227.084337	155.207824	155.73021	128.253165	193.471241	261.058824	198.551724	212.8125	188.932646
P56677	328.325424	498.184739	314.848411	334.267133	264.79746800000004	384.046418	522.0784309999998	419.672414	448.75	375.037801
P27815	309.955932	531.851406	321.853301	317.992867	289.050633	398.387487	553.352941	474.482759	488.859375	386.378694
P31749	184.071186	281.35743	193.638142	189.675385	166.620253	237.986882	307.068627	237.862069	270.40625	231.36701
P33535	180.261017	216.759036	153.149144	155.397203	110.924051	190.105954	260.401961	202.913793	185.5	186.652921
Q9QUK6	358.0508470000001	460.004016	332.246944	333.317203	253.468354	415.83552	570.362745	429.163793	411.4375	407.839863
P14416	201.023729	242.273092	179.046455	168.002098	138.265823	221.159435	296.382353	223.974138	219.078125	216.505842
P70627	302.433898	444.329317	288.660147	287.004056	243.35443	355.899092	470.970588	378.681034	390.703125	347.689347
P30518	163.318644	197.899598	136.682152	131.258042	96.6962025	167.617558	230.813725	177.413793	177.3125	164.362199
Q9UHI8	345.210169	585.329317	342.154034	367.468951	309.772152	419.390515	575.303922	475.87069	530.75	407.614433
P08912	221.688136	299.0160640000001	207.953545	204.517622	175.265823	257.665994	343.480392	265.637931	272.46875	252.395876
Q9NY46	853.2949150000002	1125.3494	780.479218	782.623077	604.075949	975.138244	1316.7451	1027.56897	1022.92188	955.734021
P41595	217.284746	264.831325	189.792176	183.469091	142.177215	239.202825	323.12745099999995	246.439655	231.765625	234.92646
P13721	166.60678	232.666667	164.9022	158.787832	140.734177	203.074672	263.823529	200.681034	211.28125	198.501718
P27695	118.19661	190.947791	119.97555	121.458741	110.810127	148.65993899999995	197.254902	151.741379	179.5625	144.140893
Q8NB78	322.281356	479.188755	312.200489	320.495105	270.02531600000003	385.471241	514.5882349999998	406.431034	439.40625	376.334021
P22443	230.20339	287.570281	206.141809	200.536084	155.189873	257.490414	343.107843	255.20689700000003	258.671875	251.250859
P12527	282.0	386.429719	274.156479	273.025594	222.21519	337.931382	443.666667	334.905172	355.578125	329.338144
P20309	240.549153	335.646586	226.139364	222.247552	188.316456	280.831483	380.970588	307.594828	297.34375	276.331959
P15823	215.433898	300.108434	191.963325	189.028951	152.151899	237.680121	320.098039	245.474138	259.5	231.722337
P08069	537.0169490000002	816.638554	525.454768	539.98042	447.848101	647.448032	868.578431	696.267241	734.15625	629.3532650000002
P37136	248.40678	357.293173	231.93154	223.494406	180.797468	282.8355200000001	373.852941	292.353448	310.0	275.12302400000004
Q01279	477.155932	717.2449799999998	452.273839	475.180559	386.202532	559.7648839999998	765.54902	604.887931	642.078125	543.817182
P35573	627.555932	887.417671	604.286064	601.330909	494.632911	744.1816349999998	988.647059	762.6034480000002	804.625	724.734708
Q99835	325.79661	447.879518	292.520782	285.90028	229.670886	359.350151	481.666667	375.396552	397.375	349.874227
Q64737	395.237288	584.048193	346.860636	369.153287	288.164557	439.028254	619.7549019999999	511.534483	532.828125	429.585567
P51907	235.735593	292.6425700000001	190.139364	196.62993	136.341772	244.226034	342.470588	272.05172400000004	254.078125	239.947766
P49146	175.972881	207.638554	148.229829	149.386434	105.911392	187.441978	255.705882	190.698276	183.265625	183.401375
Q93008	1015.58983	1497.93976	998.782396	1008.18769	841.5316460000001	1239.5439	1686.89216	1313.5	1375.01562	1206.83711
P11387	263.56271200000003	470.875502	320.080685	296.60028	336.202532	395.925328	503.970588	390.948276	492.078125	383.636426
P00533	470.41016900000005	717.967871	447.352078	473.926014	385.240506	554.5580219999998	763.823529	607.034483	646.65625	538.791753
Q99755	212.688136	341.453815	210.07579500000003	209.175804	187.202532	260.28557	351.352941	288.275862	302.65625	253.67354
P35354	248.681356	347.052209	239.94621	234.88349700000003	196.43038	295.61554	387.068627	297.12069	309.40625	288.258419
P78536	303.172881	497.008032	311.03423	329.097622	284.506329	384.59334	526.333333	421.948276	465.4375	373.190378
P35969	512.481356	797.9317269999998	507.061125	510.54559400000005	448.050633	630.0756809999998	853.352941	681.9137929999998	716.28125	614.462543
P33533	173.050847	196.502008	137.89242099999998	138.51636399999998	96.1265823	172.129162	238.529412	181.37931	174.1875	169.216495
Q5XXA6	422.735593	561.040161	403.163814	389.835944	328.0253160000001	497.39556	649.95098	488.974138	523.5625	485.424742
O43353	210.105085	321.562249	208.591687	202.36993	181.455696	259.507568	355.313725	283.439655	290.96875	252.226804
P28776	163.545763	237.7751	155.398533	151.69048999999995	129.468354	193.663976	260.61764700000003	201.741379	221.578125	187.553952
Q6YP21	188.938983	264.465863	177.339853	177.787273	148.620253	222.068618	296.784314	229.25	237.890625	216.905155
P52789	361.467797	528.9317269999998	343.811736	359.028671	279.810127	428.422805	583.8823530000002	456.706897	505.65625	418.156014
Q9UPY5	244.383051	273.791165	193.809291	189.10979	126.164557	244.998991	326.794118	240.12931	226.921875	240.24329900000004
P61073	167.891525	190.859438	139.383863	142.423497	96.0506329	174.390515	236.313725	173.956897	164.734375	171.42336799999995
Q07001	224.39322	294.574297	205.821516	195.635944	157.265823	256.258325	341.77451	258.37069	261.375	249.338832
O35433	341.874576	483.293173	326.581907	327.422098	269.506329	405.554995	543.460784	418.715517	437.671875	396.391753
Q86V86	132.57966100000002	192.289157	120.474328	122.932308	92.8607595	149.107972	202.470588	150.594828	174.578125	144.505842
P29322	394.498305	592.767068	371.449878	375.783636	309.556962	454.195762	616.843137	500.5	528.8125	443.383505
O96017	199.115254	329.333333	203.290954	210.504755	183.734177	253.722503	346.245098	282.336207	302.4375	246.8811
P14061	127.945763	187.730924	112.889976	118.127972	89.8987342	141.447023	197.745098	158.405172	174.171875	137.528522
P35439	372.437288	544.136546	359.96577	348.802797	303.405063	444.641776	599.176471	488.89655199999993	498.71875	435.812371
Q8QZV1	216.627119	301.634538	214.471883	211.564196	179.64557	265.578204	357.382353	276.974138	293.640625	258.108591
Q9Y259	153.833898	230.429719	156.21026899999995	155.576643	128.063291	191.52775	250.529412	191.818966	208.78125	186.49622
Q12866	404.030508	589.5622490000002	368.418093	370.381818	298.443038	460.911201	635.784314	517.456897	514.8125	448.15189
P43140	210.033898	264.54618500000004	177.75061100000005	177.692727	130.43038	221.295661	298.254902	223.25	226.875	216.419931
P35355	248.484746	345.120482	241.002445	234.319021	196.860759	296.309788	388.22549	296.706897	311.421875	288.734021
Q6P7A9	381.474576	550.297189	359.806846	352.7910490000001	280.886076	442.19475300000005	589.0882349999998	467.913793	473.265625	430.494158
P19174	491.027119	768.795181	512.026895	503.347133	444.113924	627.769929	829.0	654.568966	714.421875	610.824742
P48039	175.962712	184.337349	139.792176	137.928252	94.0506329	174.485368	237.284314	170.422414	155.625	171.98419199999995
P41252	518.179661	730.6546179999998	500.992665	501.785455	412.531646	624.951564	828.470588	627.267241	669.265625	608.725086
P09483	273.542373	359.0361450000001	240.628362	236.031469	184.607595	299.610494	406.931373	309.0	315.3125	290.591065
P35222	299.949153	443.381526	280.711491	291.466573	234.924051	352.392533	497.470588	408.568966	409.65625	344.695533
Q9D6N1	102.115254	157.24498	100.449878	97.4654545	84.2025316	123.315843	165.813725	131.603448	138.25	119.861856
P14679	213.074576	302.401606	208.202934	208.689231	165.708861	251.84662000000003	335.539216	260.87069	268.3125	245.84055
P35367	210.471186	270.75502	196.572127	189.52042	155.962025	242.306761	320.0294120000001	238.5	246.609375	237.665292
P14920	142.298305	205.072289	137.01467	131.313986	107.772152	168.048436	218.519608	166.327586	177.796875	163.25085900000005
P10827	177.338983	299.393574	182.601467	189.037483	168.0	226.74672	310.6176470000001	247.37069	281.296875	220.118213
Q7Z2W7	475.854237	610.614458	449.977995	449.22503499999993	349.810127	557.598385	739.960784	549.672414	566.171875	546.5814429999998
Q02401	765.030508	1124.79116	741.278729	733.031049	606.64557	907.134208	1211.63725	969.905172	992.890625	886.180069
P46059	315.4305080000001	390.048193	271.132029	271.155664	202.164557	339.458123	457.852941	363.051724	335.78125	334.549828
O54939	132.691525	175.550201	117.555012	119.285175	90.7974684	148.19677099999996	201.901961	152.72413799999995	152.5625	145.538832
P12530	277.576271	375.108434	262.02934	256.50979	203.113924	324.248234	428.009804	314.646552	340.09375	316.063918
P48449	298.094915	414.425703	288.136919	289.558182	225.60759500000003	349.06559	456.990196	345.5603450000001	376.59375	340.676976
O95342	541.437288	768.481928	492.760391	506.262937	393.78481	616.707366	845.4803919999998	688.568966	682.0	606.0714780000002
Q28263	352.474576	480.220884	347.283619	348.171189	285.531646	431.30777	573.9117650000002	441.336207	465.046875	421.006186
Q460N5	698.223729	1067.79518	687.046455	698.2655940000002	612.189873	865.18668	1174.2451	931.844828	988.890625	843.3821310000002
P35408	201.945763	282.3775100000001	176.88019599999996	179.726014	138.658228	221.097881	309.852941	247.70689700000003	242.171875	216.912715
P22314	409.637288	615.7550200000002	395.254279	401.494126	335.35443	491.881937	672.372549	539.284483	562.578125	479.863918
P04626	487.6	742.413655	457.308068	478.133706	379.987342	564.674067	770.77451	599.1637929999998	659.328125	545.755326
Q16790	165.223729	282.38152599999995	161.205379	159.212587	135.68354399999998	200.817356	275.166667	222.91379300000003	250.140625	192.167698
P51580	99.3084746	142.10843400000005	98.0195599	100.084755	79.65822779999998	121.312815	157.75490200000004	115.801724	131.984375	117.97732
P35462	177.708475	216.746988	151.418093	154.918881	112.56962	188.541877	257.147059	193.474138	187.96875	185.375258
O15244	259.376271	303.851406	220.403423	215.27007000000003	151.556962	273.15943500000003	360.147059	261.431034	260.96875	267.397251
P33261	208.420339	283.0	195.237164	188.699441	154.620253	243.64783	323.5294120000001	241.0	256.28125	236.82268
P00591	174.461017	272.851406	167.178484	174.088252	142.240506	205.617558	279.176471	229.30172400000004	236.234375	200.428179
P22771	190.735593	252.923695	183.06846	175.334825	148.98734199999996	225.577195	298.5098040000001	227.594828	234.203125	221.018557
P14137	219.294915	302.702811	213.806846	197.848392	174.974684	262.585267	341.490196	261.655172	271.578125	256.933333
Q07817	86.15593220000002	135.329317	86.7457213	87.1146853	70.92405059999999	106.124117	144.362745	124.258621	123.234375	104.23299
P41143	173.298305	196.196787	137.276284	138.559301	96.3797468	170.799193	236.79411800000003	180.939655	176.09375	167.612371
Q07343	262.766102	439.654618	277.491443	281.606154	250.860759	344.859738	482.441176	404.474138	408.28125	336.042612
P04798	217.60678	294.168675	202.718826	191.745594	157.974684	250.433905	333.068627	255.45689700000003	260.25	244.602062
O00408	376.867797	533.036145	356.268949	377.447832	293.443038	445.696266	620.7549019999999	477.801724	500.640625	434.272165
P31424	479.62711900000005	712.321285	437.488998	456.258042	366.518987	543.948537	749.9117650000002	617.318966	624.734375	531.692784
P29473	457.681356	720.903614	447.420538	435.433566	379.810127	549.682139	734.5196080000002	583.844828	640.234375	532.736082
Q9UK80	207.776271	351.4618470000001	211.98044	193.354406	192.56962	257.766902	340.72549	268.189655	313.265625	249.345704
P41145	181.894915	207.333333	148.694377	148.145455	101.556962	185.240161	253.147059	191.560345	178.578125	181.453608
Q9JKC1	244.833898	344.200803	234.691932	229.686014	188.35443	289.32997	376.794118	293.982759	303.28125	282.578694
P11509	200.091525	286.465863	197.814181	181.718462	161.506329	243.975782	315.676471	243.939655	261.59375	238.613746
Q9QYN8	191.732203	247.144578	165.325183	163.190769	123.151899	202.29667	270.470588	208.663793	214.328125	198.538144
Q16850	209.766102	287.75502	196.584352	193.614685	160.164557	244.752775	323.72549	243.12069	259.84375	238.876289
P02766	57.76271189999999	83.1044177	51.6894866	54.45790210000001	41.5696203	64.78002020000001	89.4215686	74.80172409999999	76.75	63.08041239999999
Q5VT25	625.769492	1050.74699	667.530562	667.7549650000002	617.772152	831.110999	1129.57843	913.137931	994.078125	808.701031
Q04828	132.322034	186.646586	127.168704	127.445594	109.620253	158.589304	212.745098	159.12931	175.59375	154.203436
O60656	235.233898	281.136546	208.99022	207.827133	155.67088600000002	258.45106	344.823529	254.172414	264.953125	252.783505
Q02127	150.291525	240.85542200000003	141.816626	139.021678	123.379747	177.879919	241.411765	192.0	216.0	173.46048100000004
P06213	544.7898309999998	817.164659	531.821516	541.2144059999998	443.949367	654.627649	879.7156859999999	688.784483	739.890625	635.728522
P35228	455.477966	662.9839360000002	452.87286100000006	438.328392	381.64557	556.096872	732.686275	563.775862	612.21875	541.950515
P32245	166.63728799999996	172.911647	128.05379	136.366434	79.16455699999999	160.89303700000005	226.696078	168.043103	144.984375	158.73058400000005
Q16769	148.888136	203.518072	141.026895	133.952168	110.151899	173.436932	234.79411800000003	180.5	182.5625	168.94226799999996
P59538	156.04406799999995	156.30923700000002	128.442543	119.349231	84.75949370000002	161.425832	212.11764700000003	144.37069	136.734375	159.37457
Q15056	75.6135593	171.526104	88.8190709	86.58503499999998	90.2658228	106.723512	140.401961	124.362069	152.390625	103.22268
O15118	561.474576	702.0160639999998	483.760391	513.638462	352.0	600.327952	822.7549019999999	628.508621	612.671875	588.382131
Q02294	931.820339	1352.56627	897.388753	859.676923	741.189873	1103.95459	1471.65686	1171.51724	1233.60938	1077.90515
Q13564	208.847458	318.2249	203.300733	209.911329	173.924051	255.159435	350.6176470000001	282.37069	289.40625	248.817869
O43525	331.833898	530.751004	325.706601	318.373706	285.5696200000001	402.292634	533.8823530000002	431.810345	473.90625	391.912715
Q9UKK3	660.59322	1014.36145	646.1100240000002	655.195804	551.886076	810.331988	1110.3333300000004	886.784483	925.78125	788.039863
P00918	98.8983051	154.261044	99.6454768	96.8297902	88.2025316	123.068618	161.686275	125.72413799999998	140.78125	119.589003
P07333	384.877966	562.963855	362.973105	369.975245	298.443038	449.823411	611.137255	486.568966	495.3125	439.028866
Q8TDS4	177.037288	188.289157	151.625917	139.524056	99.8860759	185.769929	244.627451	172.258621	168.4375	182.337457
Q5JRX3	396.250847	605.88755	400.91198	391.950629	346.873418	495.07669	659.009804	518.181034	556.0	481.968385
P07858	134.145763	199.831325	126.973105	136.412727	102.962025	153.16044399999996	203.04902	162.448276	173.5625	149.22680400000004
P08001	163.884746	256.658635	153.91198	136.550629	135.025316	187.518668	240.558824	193.982759	213.265625	180.343643
O75116	483.515254	843.0401609999999	549.953545	548.465455	536.810127	690.471241	931.264706	739.681034	834.609375	671.334021
P20273	317.410169	509.538153	321.836186	322.555245	281.7974680000001	396.114026	529.7352940000002	429.5	447.171875	385.523024
P20272	214.620339	253.626506	182.210269	184.375524	132.506329	228.294652	314.892157	239.422414	228.6875	224.465979
P06493	124.355932	176.485944	119.166259	115.998322	99.9240506	149.115035	197.088235	147.215517	158.875	145.153265
P17948	520.518644	797.46988	511.308068	517.181678	451.582278	636.528759	862.431373	693.284483	722.578125	621.479725
Q9H2K2	441.040678	667.843373	414.530562	441.256503	364.556962	518.122099	731.156863	591.25	628.625	505.83161500000006
B0FL73	201.240678	259.730924	170.22249399999995	165.222937	127.683544	209.371342	286.843137	222.775862	232.515625	204.235052
Q9N1N9	243.833898	348.393574	239.657702	230.816783	195.316456	294.200807	382.892157	299.465517	308.75	287.91134
P12931	198.054237	320.421687	200.894866	202.370629	179.10126599999995	247.422805	326.852941	266.81034500000004	290.234375	241.246048
P27708	881.932203	1291.65462	805.853301	814.887692	655.797468	1006.67508	1379.47059	1111.53448	1161.01562	979.725086
P14324	176.179661	239.148594	169.070905	171.97188799999995	136.35443	208.954591	274.980392	201.232759	218.8125	204.074227
Q9Y2I1	575.0169490000002	878.449799	553.6356969999998	566.2173429999998	456.810127	692.550959	954.068627	762.327586	805.0	670.962887
P24063	444.277966	693.855422	426.669927	436.643497	358.037975	532.029263	724.843137	581.5	614.328125	518.525086
Q96RG2	490.230508	796.064257	460.136919	497.102378	382.063291	575.399596	808.539216	661.301724	707.34375	557.2151200000002
P55789	69.9457627	121.694779	79.6797066	76.95538459999999	74.24050629999998	93.8405651	123.72549	99.3706897	122.015625	90.9704467
P42336	451.674576	607.297189	439.031785	431.640839	356.443038	543.3390509999998	719.27451	527.060345	566.453125	529.384192
O15554	190.125424	224.128514	166.860636	159.818462	122.037975	207.832492	278.088235	196.172414	208.609375	204.341581
O09175	260.162712	369.080321	247.107579	247.273566	198.772152	304.446014	402.019608	312.784483	335.078125	296.206873
Q61586	338.057627	478.34136500000005	322.508557	319.6373430000001	261.088608	401.12209900000005	542.2450980000001	418.155172	431.109375	392.342268
P50613	144.677966	196.7751	135.288509	130.783077	110.392405	169.275479	226.088235	166.0	181.46875	164.702405
P08581	566.111864	800.2610440000002	527.154034	535.007413	432.72151900000006	656.3733599999998	898.460784	711.956897	713.53125	641.095533
P23141	229.627119	321.48996	211.07335	208.173287	170.974684	264.172553	353.362745	278.758621	291.171875	257.501031
P16257	77.8711864	89.61847390000001	67.15892420000002	62.220559400000006	44.3037975	80.617558	100.284314	73.92241379999999	73.84375	79.3587629
P35520	210.894915	331.7751	201.04401	203.259161	173.772152	252.27447	344.0294120000001	278.267241	302.390625	244.993814
Q96S37	248.454237	285.7389560000001	201.794621	200.883077	133.037975	252.021191	346.637255	258.275862	250.28125	247.99244
Q15904	197.925424	253.004016	176.706601	174.263357	132.620253	219.588295	301.352941	236.232759	226.328125	215.672165
Q01432	301.579661	442.590361	309.6699270000001	298.81972	270.79746800000004	380.963673	500.705882	386.008621	415.53125	370.314777
Q93009	419.576271	648.97992	444.511002	442.878462	390.177215	547.8002019999999	724.8823530000002	562.448276	618.21875	532.696907
P01137	157.966102	227.863454	153.679707	148.752028	129.063291	189.241171	251.401961	186.853448	206.171875	183.718213
Q15746	664.549153	1188.66265	689.090465	704.1243360000002	654.177215	860.0716449999999	1175.8039199999996	996.5	1093.79688	834.528522
P55786	373.227119	525.012048	352.149144	353.382098	287.873418	438.781029	591.27451	459.75	487.3125	427.49622
P48450	298.542373	416.096386	287.535452	290.318182	225.468354	348.514632	457.921569	347.275862	373.078125	340.165636
P24941	128.938983	167.076305	119.207824	113.051748	94.3037975	148.797175	195.588235	141.327586	154.671875	144.70859099999996
Q14376	137.555932	203.168675	127.330073	135.575105	106.075949	158.249243	213.784314	170.81034499999996	181.484375	154.90240500000004
P10415	97.6508475	134.389558	88.65281170000002	84.40489509999998	68.18987340000001	107.272452	142.872549	115.887931	120.25	104.652234
P48736	448.99322	631.558233	440.618582	430.673566	367.468354	547.5802219999998	728.4411759999998	546.344828	589.78125	533.9072160000002
P29376	322.0	532.361446	295.0978	306.34993	243.240506	363.482341	493.352941	403.060345	448.25	352.373196
Q9BEG3	184.410169	242.53012	176.24938899999995	176.402797	137.506329	217.321897	287.156863	212.534483	223.71875	211.984192
Q64133	220.59661	307.927711	206.110024	206.89972	169.113924	256.17558	335.098039	257.37069	277.75	249.558076
Q9Z0U4	398.972881	583.052209	382.105134	375.992448	313.683544	472.51665	628.009804	490.974138	517.71875	461.047423
P04035	365.179661	506.714859	324.606357	337.904755	257.810127	408.767911	570.9117650000002	461.939655	456.015625	400.221993
O14980	456.498305	588.088353	431.393643	426.43972	337.240506	540.961655	730.343137	554.0862070000002	546.96875	529.413058
O08537	207.437288	304.670683	198.9511	202.511888	171.025316	246.124117	339.37254900000005	267.62931000000003	280.15625	240.571821
Q96Q15	1420.54237	2115.89157	1384.67482	1404.21469	1174.08861	1738.03935	2400.19608	1908.97414	1937.70312	1700.22131
P05177	211.681356	296.51004	202.777506	187.316084	163.582278	250.440969	331.1176470000001	253.103448	265.84375	244.287285
P41594	482.779661	716.48996	438.185819	458.361399	366.860759	544.7396570000002	753.333333	621.6293099999998	630.28125	532.589691
P31389	214.145763	267.650602	195.733496	184.154266	146.89873400000005	239.38042400000003	317.186275	239.344828	240.46875	234.543643
P21728	199.250847	244.044177	168.06846000000004	169.035664	122.64557	209.588295	291.794118	231.318966	214.515625	205.925773
P35384	444.115254	625.277108	410.99022	417.348392	321.291139	508.795156	691.5196080000002	552.672414	550.671875	497.242612
P02769	234.555932	338.409639	236.437653	255.44979	208.860759	294.393542	397.470588	290.913793	345.796875	285.464605
P16232	122.074576	160.13253	107.743276	111.218741	84.4177215	135.986882	187.264706	147.22413799999995	146.90625	133.693471
P80404	203.047458	287.987952	193.938875	189.695804	159.721519	239.029263	321.039216	249.543103	266.453125	233.333333
P25105	168.813559	175.542169	141.036675	136.108252	93.7594937	175.102926	232.156863	165.344828	153.875	172.42268
P16083	92.9389831	130.46586299999998	88.3765281	89.50881120000003	70.81012659999998	109.16448	144.019608	112.87931	118.375	106.835052
Q07973	204.576271	296.329317	205.178484	197.092308	176.531646	254.720484	335.421569	251.646552	276.359375	248.340206
P35869	310.220339	504.88755	325.117359	321.4434970000001	293.3037970000001	401.392533	543.45098	446.905172	447.765625	391.77457
P47713	295.450847	434.975904	292.06357	286.795944	247.13924100000003	362.877901	484.666667	387.396552	405.4375	353.02543
P36888	398.677966	571.13253	385.97555	399.485035	314.329114	476.394551	640.490196	506.241379	516.09375	465.765636
Q08209	205.264407	303.1726910000001	198.596577	202.26979	168.075949	246.488396	335.519608	267.215517	280.53125	239.939519
Q96RI1	185.569492	282.337349	192.518337	194.526713	168.620253	237.859738	314.22549	245.30172400000004	265.5	232.045361
O94768	145.545763	224.477912	143.288509	147.782378	120.582278	179.205853	247.931373	199.086207	201.21875	174.214433
P10276	170.918644	284.931727	167.875306	169.167273	152.911392	208.588295	283.098039	230.137931	250.0	201.779381
P16056	557.298305	799.618474	517.090465	531.493427	425.72151900000006	645.2441980000001	886.5588240000002	700.818966	708.265625	629.557388
Q60855	242.291525	400.441767	254.298289	253.054406	230.594937	313.947528	418.901961	343.198276	362.9375	305.345704
P07384	280.949153	421.795181	282.997555	279.528252	232.670886	347.784057	458.813725	355.525862	387.953125	339.509278
P79400	140.633898	157.172691	114.652812	114.098322	76.22784809999997	142.200807	194.823529	143.844828	133.015625	139.525773
Q9ULK4	600.718644	743.7148589999998	550.03912	534.2601400000002	415.670886	683.171544	914.27451	669.6293099999998	676.34375	667.202749
Q05769	247.033898	348.883534	239.814181	235.501119	197.594937	296.0252270000001	387.235294	296.517241	310.5625	288.523711
Q05921	282.5627120000001	438.879518	283.210269	283.64979	247.696203	352.416751	477.196078	369.775862	414.109375	342.214433
Q9Y2U5	224.481356	386.97992	234.762836	226.622937	218.772152	289.547931	390.411765	322.431034	347.140625	281.064605
P08254	189.955932	280.582329	185.300733	179.743217	155.443038	228.189707	299.323529	232.568966	257.671875	220.995876
O08562	849.4542369999998	1125.46988	785.2322740000002	780.001399	615.088608	979.837538	1313.81373	1013.23276	1028.32812	958.669416
P03956	183.877966	273.73494	188.161369	180.084615	160.481013	228.473259	292.598039	230.215517	249.546875	222.850172
P22460	239.884746	376.084337	224.579462	218.033846	183.392405	278.11099900000005	371.87254900000005	298.431034	326.03125	269.00962200000004
Q86Z02	440.505085	720.610442	423.889976	431.1907690000001	387.873418	529.5872860000002	746.313725	650.741379	612.6875	519.087285
Q969S8	266.922034	370.742972	232.606357	240.083497	177.64557	290.503532	410.0	322.146552	337.171875	282.44811
P38398	599.338983	1172.83133	673.545232	697.871608	671.544304	844.492432	1186.88235	1040.56034	1084.4375	819.867354
Q9NSI6	791.969492	1461.30522	880.9902199999998	857.9086710000001	859.962025	1081.47124	1475.21569	1251.32759	1360.57812	1052.8055
P41144	181.416949	208.971888	149.608802	147.023776	103.987342	186.298688	253.30392200000003	191.232759	179.578125	182.627491
O15530	211.915254	333.899598	216.290954	212.040559	191.696203	267.102926	352.215686	276.189655	303.171875	259.599313
P27338	214.857627	301.389558	202.503667	201.171329	164.481013	250.990918	328.019608	251.241379	274.28125	244.171821
P28340	435.047458	663.4538150000002	419.195599	414.883636	352.911392	519.568113	696.176471	534.655172	601.078125	503.932646
Q8CA95	323.440678	452.433735	305.515892	314.382238	249.202532	379.849647	515.4803919999998	402.215517	414.984375	370.914777
P97612	233.274576	333.35743	212.43031800000003	215.906434	172.063291	265.893037	360.931373	274.663793	293.421875	259.479038
P08183	530.152542	739.385542	477.674817	482.168112	387.721519	602.561049	825.8823530000002	669.077586	664.703125	592.947079
P31652	296.335593	343.321285	243.026895	251.515385	160.531646	302.601413	404.441176	305.931034	282.90625	297.1621990000001
Q9NWT6	135.99661	208.281124	139.860636	136.075944	119.506329	171.217962	220.745098	174.887931	184.90625	166.566323
P35400	380.115254	533.666667	347.5672370000001	355.317063	284.949367	432.848638	586.9215690000002	465.310345	471.34375	423.12921
O14939	376.386441	542.168675	366.354523	353.546154	297.607595	449.436932	595.7352940000002	452.87069	491.765625	437.621993
P47872	201.945763	233.871486	177.640587	173.950629	121.202532	218.788093	292.852941	208.137931	208.21875	214.558076
Q69ZF3	360.1355930000001	531.7148589999998	350.5745720000001	363.38069900000005	282.721519	425.958628	563.568627	441.155172	468.484375	416.575258
O62664	253.189831	345.188755	242.354523	230.829231	189.848101	296.046418	378.254902	276.05172400000004	303.96875	287.446735
P22607	305.427119	478.01204800000005	287.122249	296.244615	244.949367	356.954591	491.519608	401.758621	433.78125	346.51134
Q8NHM5	485.589831	823.0682730000002	523.591687	499.141818	489.607595	642.978809	845.107843	660.681034	776.046875	621.985567
Q96K76	493.847458	834.497992	529.545232	551.351049	480.873418	658.589304	896.705882	726.448276	785.578125	640.702405
P22734	113.498305	147.453815	101.305623	106.627413	79.4303797	127.678103	173.529412	126.068966	132.34375	124.758076
O15146	362.247458	494.236948	329.691932	334.153427	267.78481	410.273461	560.029412	441.25	450.03125	399.45567
P13631	167.562712	276.62249	167.997555	167.741538	152.151899	208.08779	278.647059	223.810345	252.734375	201.4
P41233	942.298305	1300.1245	869.8068460000002	869.226993	691.506329	1086.30676	1467.8039199999996	1133.19828	1155.8125	1061.92715
P00766	92.7423729	141.963855	80.72616140000002	90.5247552	68.9367089	101.396569	146.078431	127.77586200000002	120.359375	100.175945
P14410	736.19661	1070.16466	722.963325	718.227832	591.822785	884.2976789999999	1166.8333300000004	942.741379	926.296875	864.29622
O95382	495.261017	765.8835339999998	479.185819	470.286154	403.658228	592.396569	801.676471	626.922414	682.59375	574.96701
P08514	408.6	610.959839	375.376528	383.646853	300.974684	466.941473	641.2450980000001	506.206897	529.890625	454.089347
P47746	214.654237	253.682731	182.0978	184.416084	132.518987	228.130172	314.970588	239.45689700000003	228.6875	224.314777
Q9TSZ3	454.8	696.8192769999998	421.718826	409.664336	350.316456	520.3733599999998	710.656863	576.198276	608.546875	504.705155
O14641	249.457627	476.899598	251.266504	243.712448	234.721519	307.062563	421.607843	385.474138	406.125	295.8804120000001
P51812	293.19661	431.305221	286.831296	281.653566	243.379747	356.969728	475.578431	372.344828	401.140625	347.775258
P09848	766.142373	1117.78313	750.01467	737.325315	612.025316	913.870838	1213.53922	973.431034	991.671875	893.3305839999998
Q8TEK3	595.142373	1080.11647	591.171149	567.658042	578.7468349999998	738.394551	1032.1666699999996	899.8965519999998	956.109375	715.573883
Q99720	96.6338983	118.52208799999998	87.48166259999998	85.3117483	58.0632911	106.567104	137.901961	103.189655	104.515625	104.775258
Q13554	251.071186	400.417671	239.369193	238.216503	212.708861	297.6569120000001	407.852941	339.353448	359.546875	288.217869
Q9HC29	423.054237	566.3534139999998	390.449878	398.991049	300.3037970000001	486.088799	670.490196	492.034483	532.09375	474.725086
Q59H18	332.545763	482.919679	310.515892	327.950629	257.316456	386.246216	538.0588240000002	426.10344800000007	437.703125	377.265979
P48147	289.464407	415.702811	276.444988	292.028112	227.050633	341.241171	451.715686	344.663793	372.328125	332.626804
Q13315	1238.49153	1745.39357	1213.47188	1233.5621	1013.3038	1518.78607	2060.392160000001	1550.63793	1635.3125	1483.81512
P25100	233.786441	328.269076	197.447433	200.499441	152.32911399999998	243.13219	334.343137	271.887931	290.34375	238.059107
P15907	163.766102	237.53012	162.716381	159.704196	142.253165	200.507568	261.705882	199.431034	213.078125	196.079038
P23977	291.464407	327.285141	238.69682200000003	241.007133	155.59493700000004	296.289606	396.156863	293.517241	278.6875	291.285223
P11362	318.064407	485.714859	308.305623	312.446993	267.113924	382.293643	521.568627	418.5	444.625	371.107904
P11802	123.640678	177.10843400000005	114.826406	109.922797	92.3037975	141.738648	188.441176	145.396552	160.734375	137.260481
P15145	386.620339	543.425703	370.567237	371.581538	302.759494	460.734612	628.205882	511.172414	484.109375	451.756014
O70370	132.742373	198.076305	130.342298	139.97440600000002	112.443038	158.744702	210.764706	168.827586	181.3125	155.5189
Q13163	183.088136	265.44979900000004	170.163814	170.075245	138.949367	212.405651	286.460784	227.20689700000003	232.34375	207.066667
P25101	198.386441	223.477912	171.816626	173.37538500000005	122.126582	212.440969	287.431373	210.387931	200.265625	209.087285
O95822	195.623729	287.329317	187.97555	180.50965	154.443038	233.052472	309.333333	236.715517	259.171875	227.30378
Q9H9B1	441.423729	786.6305219999998	452.863081	486.099021	431.658228	560.79112	795.833333	686.637931	745.296875	544.59244
O43184	346.871186	536.313253	330.105134	339.623916	291.455696	404.913219	553.892157	438.784483	487.09375	393.433677
P04406	132.969492	194.248996	117.383863	122.706853	100.582278	147.435923	205.911765	177.258621	175.765625	144.876976
P04629	318.884746	450.947791	293.364303	293.952308	227.810127	362.237134	494.078431	383.672414	405.890625	353.17732
Q92830	325.871186	499.481928	321.584352	305.268951	286.696203	398.473259	522.098039	409.965517	455.53125	386.352577
P21918	212.837288	258.124498	180.804401	182.26014	126.670886	222.71443	305.882353	242.431034	225.953125	218.2
Q63470	269.59322000000003	454.200803	285.731051	279.146853	266.886076	348.021191	472.313725	406.060345	410.046875	341.266667
P22687	201.938983	283.6425700000001	181.498778	187.381678	143.962025	229.182644	322.0490200000001	257.086207	252.265625	224.896907
P05164	296.620339	437.61847400000005	287.919315	271.44979	242.531646	353.416751	474.460784	372.732759	391.859375	344.561512
P07711	123.627119	192.911647	126.166259	132.773287	108.898734	153.075681	201.519608	169.68965500000004	179.046875	150.160825
O94925	259.40678	387.361446	244.667482	247.934825	208.405063	302.672048	410.931373	329.181034	356.015625	295.380069
Q9HCR9	367.338983	535.8393570000002	354.220049	358.635385	296.962025	440.420787	607.392157	482.232759	503.203125	430.558076
P07477	96.6881356	147.843373	85.54767729999998	96.3502098	73.7974684	107.053481	151.705882	127.663793	126.0	104.851546
P17439	213.572881	291.6746990000001	197.596577	192.813287	155.291139	242.73663	323.284314	252.715517	255.921875	237.435052
Q6ZN16	501.684746	786.385542	495.330073	507.922517	424.367089	616.1342080000002	840.7450980000001	673.767241	719.015625	599.3278349999998
P29371	213.467797	249.212851	182.484108	178.247552	132.886076	224.361251	299.098039	233.482759	214.96875	221.37732000000003
Q9UKP6	168.233898	216.967871	143.49877800000004	134.99021000000002	109.417722	176.783047	237.137255	177.612069	185.9375	172.84948500000004
Q9UBC3	305.213559	528.389558	321.188264	320.605734	297.949367	391.309788	523.068627	429.57758600000005	484.109375	381.024742
P41180	442.444068	621.004016	409.963325	419.038322	318.7468350000001	508.485368	691.196078	548.431034	546.3125	497.263918
P22303	247.837288	354.236948	229.542787	222.452727	177.734177	279.894046	369.313725	287.646552	310.859375	272.059794
P47989	518.857627	777.297189	487.031785	501.003077	414.417722	607.35217	824.127451	666.172414	709.078125	592.307904
P33527	665.138983	856.0080320000002	590.261614	593.219301	446.35443	740.100908	1007.43137	771.155172	763.359375	725.854296
Q99873	156.149153	206.574297	145.92665	155.199161	117.291139	181.151362	244.27451	189.517241	197.421875	176.901718
Q9Y210	385.284746	527.449799	368.347188	367.918601	300.34177200000005	458.465187	616.8823530000002	475.89655199999993	492.109375	448.72646
Q460N3	260.264407	400.61847400000005	247.603912	248.404895	219.620253	307.7517660000001	423.480392	358.922414	358.921875	301.626117
P43116	157.352542	197.196787	136.591687	136.125175	99.0379747	168.30373400000005	231.411765	174.034483	172.453125	165.597251
P11348	91.8983051	136.449799	81.8728606	86.84	68.53164559999999	102.38446	144.03921599999995	124.27586200000002	124.484375	100.935395
P30530	340.698305	530.787149	326.442543	329.371329	272.632911	403.080727	543.45098	436.698276	467.859375	390.357388
P51649	212.044068	306.7389560000001	186.569682	195.898601	153.78481000000005	232.622603	321.813725	266.577586	280.5	227.93677
Q9Z1T6	764.718644	1269.73092	797.114914	796.91972	723.329114	986.032291	1345.06863	1095.47414	1161.90625	960.226804
Q9H237	220.918644	227.963855	186.865526	183.045594	118.873418	229.368315	301.392157	204.155172	206.796875	226.135395
P00489	346.515254	487.329317	340.031785	329.722238	282.911392	419.423814	554.166667	426.939655	457.3125	409.109966
Q62986	207.186441	306.060241	199.320293	201.65021	172.455696	246.530777	341.392157	270.077586	280.625	240.9189
P11473	162.125424	254.008032	162.696822	165.416923	141.78481000000005	200.685166	278.343137	221.681034	239.484375	195.087973
Q8IVH8	347.349153	530.481928	347.031785	335.097622	302.367089	428.517659	571.460784	447.974138	483.15625	415.828866
P15207	317.088136	557.554217	319.4009779999999	331.274266	294.987342	392.756811	534.7647059999998	453.275862	484.921875	382.120275
P36897	209.688136	282.915663	189.242054	194.465315	150.721519	234.877901	323.77451	254.189655	263.265625	229.356014
B5THE3	739.111864	1058.38554	726.95599	715.938601	595.0	890.1059539999999	1157.52941	917.344828	927.1875	868.302405
P28223	204.620339	258.301205	179.271394	186.567972	137.518987	225.83854700000003	316.558824	246.75	229.046875	222.474227
P16066	427.362712	614.080321	405.442543	402.467413	324.683544	502.102926	674.27451	514.637931	558.296875	489.076976
P08104	840.155932	1096.80321	766.977995	768.477622	591.227848	958.94551	1290.27451	995.206897	999.0625	939.485223
P47936	163.162712	181.409639	131.354523	137.068392	87.0632911	164.762866	226.166667	163.172414	160.140625	161.804124
Q63633	469.19661	653.60241	426.386308	428.630629	333.088608	529.553986	718.529412	573.612069	582.5625	517.654296
Q9R0C9	98.6033898	119.783133	88.54767729999998	86.06209790000003	57.7721519	107.900101	138.803922	103.172414	103.375	105.866667
Q01812	393.335593	547.618474	365.528117	366.371469	286.696203	453.108981	616.186275	484.706897	488.703125	443.336082
P08253	255.39661	389.341365	249.611247	260.840559	211.594937	303.963673	395.519608	311.672414	351.453125	295.57457
P22001	230.61694900000003	345.248996	215.139364	211.818881	170.544304	264.956609	356.166667	289.982759	299.296875	257.57457
P49721	84.8338983	113.62248999999998	78.5696822	81.5955245	64.8987342	97.9071645	133.078431	100.905172	105.171875	95.7601375
P30560	183.552542	234.080321	165.359413	157.827972	124.151899	201.46115	269.921569	213.422414	205.65625	198.390378
Q60714	268.19322	371.995984	241.185819	246.036783	189.303797	297.181635	400.784314	307.431034	331.84375	290.8501720000001
Q9BXF3	492.081356	951.273092	542.352078	506.576084	525.506329	657.948537	862.5	741.637931	839.484375	632.836426
O14976	477.264407	798.1606429999998	468.924205	469.01244800000006	418.772152	579.694248	794.9215690000002	669.0	714.3125	561.265979
Q8NBP7	260.00678	400.148594	239.684597	253.300559	197.405063	296.160444	416.990196	343.163793	365.375	288.4811
Q86VL8	275.464407	318.373494	219.838631	228.41972	146.0	276.829465	383.598039	287.284483	273.15625	272.934708
Q14191	543.735593	853.385542	549.93643	563.001399	489.974684	689.081736	944.009804	749.525862	801.34375	671.263918
P0DP23	49.2440678	89.9598394	54.1515892	60.3331469	48.443038	68.2330979	95.8039216	85.50862070000002	90.109375	66.2274914
O15379	174.928814	247.044177	166.508557	179.401958	132.518987	203.696266	273.078431	211.525862	221.203125	198.221306
P35372	183.325424	216.875502	154.574572	155.775385	111.78481	191.686176	263.352941	205.163793	186.390625	188.06323
Q07912	381.264407	639.9076309999998	384.251834	352.061538	345.43038	470.636731	621.607843	499.741379	567.671875	452.156014
P50406	192.962712	239.48996	157.173594	152.235804	113.265823	196.25328	273.441176	205.689655	206.734375	191.181443
P39086	383.00678	528.666667	357.958435	360.370909	288.64557	445.685166	597.676471	466.637931	470.9375	436.128522
P43115	170.65423700000005	206.365462	149.733496	146.667133	108.772152	183.944501	247.196078	186.715517	184.4375	181.687285
P53350	242.637288	357.289157	235.195599	228.138322	202.974684	291.800202	389.5	295.939655	330.125	283.345017
P38650	1837.75932	2700.81124	1840.33985	1795.44462	1563.4557	2297.05146	3079.26471	2387.0431	2535.67188	2241.96976
P15538	213.610169	274.594378	203.540342	184.805175	157.227848	250.141271	329.352941	242.077586	254.890625	244.534708
Q15466	107.264407	145.341365	94.9168704	93.7937063	72.74683540000002	118.283552	162.421569	116.5	128.171875	114.700344
Q9H1D0	332.152542	426.120482	306.259169	294.950769	230.848101	378.074672	501.27451	370.301724	385.921875	369.451546
Q8IWU9	187.335593	288.176707	192.212714	195.498881	167.531646	237.371342	313.156863	243.008621	270.484375	231.17457
Q14289	398.952542	598.5381530000002	401.146699	393.884615	347.126582	500.192735	664.127451	504.232759	555.96875	484.9271480000001
P00371	144.786441	204.072289	136.481663	131.998881	106.417722	167.800202	217.578431	166.137931	174.609375	163.313402
P03372	230.227119	342.064257	222.814181	223.892308	191.506329	274.62865800000003	372.715686	296.206897	314.90625	268.164261
P09172	251.738983	356.293173	235.0489	235.984755	188.291139	290.161453	387.715686	302.034483	313.546875	282.181443
P23219	254.864407	340.1847390000001	242.112469	232.154545	186.025316	296.390515	379.656863	275.353448	300.0	288.238488
P31390	206.132203	276.831325	195.887531	185.094266	156.822785	240.603431	317.5294120000001	241.887931	247.796875	235.80274900000003
Q00961	496.4	717.3775099999998	454.156479	436.302797	366.025316	556.863774	750.294118	601.948276	627.90625	542.46323
O14746	461.328814	652.506024	442.784841	398.196224	367.632911	539.085772	704.656863	520.6206900000002	593.984375	525.558763
Q05193	319.820339	534.578313	329.464548	313.278322	302.670886	410.297679	551.9215690000002	453.267241	489.3125	398.024742
O95470	237.871186	322.473896	218.268949	216.571189	180.759494	271.09384500000004	359.5098040000001	282.077586	293.296875	265.833677
P08908	183.315254	236.726908	155.779951	158.275385	120.582278	194.900101	268.22549	207.327586	209.1875	190.719588
P04278	155.545763	237.381526	145.809291	138.455385	118.227848	181.745711	249.931373	191.336207	207.796875	175.960137
P00742	173.667797	294.333333	181.750611	195.93986	164.936709	223.68113	300.931373	242.543103	275.765625	217.580756
P08482	189.752542	262.86747	176.75305600000004	172.395105	144.518987	218.029263	287.421569	219.982759	234.046875	213.171134
Q9UK17	264.874576	378.610442	249.90709	245.641958	205.683544	308.605449	417.607843	339.422414	337.78125	301.6
O95718	173.02033899999995	252.859438	161.58924199999996	170.314825	138.151899	201.992936	276.411765	209.474138	234.9375	196.681787
P08913	189.027119	269.81124500000004	165.823961	157.080839	131.911392	203.847629	269.323529	214.275862	229.0	198.435739
O60674	456.4	663.1606429999998	454.667482	452.333287	386.265823	561.9919269999998	744.784314	573.931034	608.78125	547.916151
P40189	344.840678	549.481928	348.462103	353.054545	307.860759	431.924319	581.970588	482.85344800000007	488.265625	420.94020599999993
O95180	935.010169	1384.82731	870.6943769999998	843.065874	705.025316	1068.53784	1445.14706	1155.2931	1239.29688	1037.2323
P17252	265.355932	391.53012	264.811736	264.296503	228.164557	325.530777	427.058824	326.818966	371.03125	316.586942
P25103	192.677966	211.0	162.50366699999995	163.621958	112.291139	200.760848	268.764706	205.543103	185.640625	197.49622
Q12931	274.254237	410.987952	275.207824	267.14993	238.151899	343.0222	462.137255	362.577586	389.828125	335.030241
P14174	47.07796610000001	66.0883534	41.1051345	42.6267133	33.6455696	50.9788093	71.50980390000002	59.6810345	55.9375	50.0646048
P28329	285.298305	441.506024	276.43765299999995	273.875385	242.455696	341.418769	462.23529400000007	367.603448	403.25	332.2
P26358	566.511864	1007.19277	618.02934	610.2911889999998	598.582278	760.903128	1009.70588	820.3965519999998	955.359375	736.475601
P80276	129.915254	182.646586	123.474328	124.352308	103.772152	154.532795	205.352941	154.137931	169.28125	149.70996599999995
P14780	267.58644100000004	423.445783	263.212714	264.652308	221.075949	318.342079	417.862745	331.956897	373.25	308.815808
P22748	121.630508	177.248996	119.508557	116.730909	102.455696	148.501514	198.127451	153.793103	165.671875	144.815808
P05622	434.27118600000006	657.0682730000002	411.938875	422.900559	339.78481	513.851665	702.166667	563.862069	573.734375	499.103093
P19785	234.142373	338.6305220000001	226.298289	223.467273	194.126582	278.27749700000004	379.931373	306.12069	315.953125	271.915464
Q9NR82	351.555932	562.1847389999998	339.909535	336.780839	301.544304	422.707366	579.127451	475.10344800000007	501.484375	414.210997
P07900	261.450847	451.718876	286.914425	298.354266	271.860759	362.844601	488.37254900000005	394.241379	442.21875	351.517526
P08575	476.894915	780.048193	493.87286100000006	502.143357	454.835443	613.071645	836.156863	702.543103	714.28125	596.859107
P50052	179.227119	188.779116	147.07335	145.38209799999996	98.1898734	182.394551	242.61764700000003	173.353448	161.75	179.829553
P29122	360.962712	570.971888	350.254279	376.434545	308.911392	424.667003	579.676471	471.586207	520.921875	413.464605
P28839	12.0237288	22.9277108	13.2127139	13.7924476	13.151898699999998	16.5610494	21.6764706	17.75	21.40625	16.141580800000003
P30994	213.230508	260.35743	185.599022	182.484476	139.734177	233.255298	319.470588	247.931034	230.90625	229.687285
P28482	153.644068	206.176707	144.442543	144.693706	118.974684	179.634712	241.588235	179.741379	190.0	174.687285
P01106	142.481356	280.931727	158.488998	160.67230800000004	158.759494	196.365288	275.656863	240.137931	255.0	190.026804
Q13946	191.969492	274.803213	192.762836	185.406713	156.658228	235.572149	319.37254900000005	246.568966	251.734375	230.70171800000003
P02791	66.5627119	98.6746988	67.99511	70.8422378	57.2278481	84.8113017	116.117647	87.33620690000002	96.171875	83.0164948
Q15109	144.71864399999995	257.678715	136.992665	134.60671299999998	120.962025	171.437941	231.176471	198.12931	217.6875	165.090034
P10826	171.416949	274.550201	168.633252	168.778881	151.696203	210.032291	285.019608	228.034483	247.171875	203.095533
P50750	150.93220300000004	215.028112	149.42298300000004	145.475105	129.126582	185.75782	246.088235	184.008621	201.5	181.249485
P05093	212.413559	290.662651	198.506112	189.315385	162.139241	249.017154	336.607843	256.525862	265.0	242.923711
P21554	214.922034	253.257028	182.650367	184.668392	132.265823	228.751766	315.745098	239.258621	228.609375	224.90996600000003
Q690N0	199.583051	275.11245	183.110024	184.357063	151.860759	228.804238	309.921569	230.965517	244.25	223.520962
P07824	126.064407	198.100402	114.860636	116.693287	100.050633	145.336024	196.401961	159.87069	174.203125	140.621993
P34969	218.342373	261.875502	186.352078	182.512587	136.949367	231.260343	311.686275	231.258621	233.59375	226.180069
P68400	160.752542	228.951807	157.633252	151.531049	133.810127	192.918264	254.029412	197.853448	210.375	187.875601
Q13233	532.138983	924.502008	533.496333	531.838881	493.67088600000005	661.105954	927.598039	805.8965519999998	831.390625	643.808935
Q96GD4	139.74576299999998	202.068273	137.356968	127.482098	117.78481	169.57114	222.509804	168.12069	186.3125	164.679038
P04150	281.298305	472.923695	281.095355	293.6545450000001	258.582278	352.441978	489.245098	408.189655	417.9375	343.941581
P56192	357.0440680000001	522.582329	344.958435	346.244755	286.949367	429.855701	574.990196	438.37069	471.625	418.391753
P09619	436.667797	659.417671	416.596577	425.043217	341.35443	520.987891	711.490196	565.017241	585.296875	504.573196
O75747	583.969492	824.144578	574.882641	563.672308	477.189873	715.070636	960.696078	739.112069	751.703125	697.753265
P34158	635.8101690000002	838.361446	585.552567	571.0892309999998	449.860759	734.322906	986.0	746.051724	748.34375	720.877663
P04054	59.0033898	82.7429719	53.9657702	65.172028	48.5696203	66.4894046	93.63725490000002	71.4310345	77.78125	65.12577320000001
P29274	189.220339	222.413655	151.479218	155.173147	102.886076	189.08779	261.686275	197.793103	190.640625	185.37457
P62508	178.976271	266.795181	172.05623500000004	181.835804	151.01265800000004	215.213925	298.382353	233.517241	251.5	209.444674
P18825	193.19661	264.03614500000003	165.232274	162.19007	127.670886	201.061554	272.637255	222.25	230.25	198.081787
O94953	409.671186	662.586345	408.828851	406.65958	364.012658	502.049445	665.95098	541.8362070000002	603.78125	486.07079
P22736	221.501695	361.851406	210.46699300000003	212.485734	184.949367	259.86680099999995	355.205882	288.75	315.21875	251.456357
P08235	347.769492	613.080321	345.96088	355.83021	324.113924	429.187689	601.009804	530.741379	523.984375	418.731271
P00749	166.772881	254.75502000000003	164.792176	172.29468500000004	144.177215	200.53885	266.313725	204.517241	228.140625	195.605498
O75469	169.010169	249.614458	172.833741	167.592448	146.64557	211.960646	278.02941200000004	211.775862	239.25	206.97457
Q9UHD2	293.362712	422.277108	289.124694	289.960559	243.075949	361.317861	481.490196	371.017241	395.109375	352.37457
Q7L7X3	339.864407	608.064257	398.286064	374.655804	382.113924	490.719475	651.8823530000002	534.6293099999998	586.90625	478.641924
P35348	209.745763	261.024096	177.066015	178.25538500000005	130.721519	220.40262400000003	298.45098	223.224138	225.296875	216.004124
P81908	227.640678	334.594378	227.694377	219.480979	189.493671	278.93441	362.72549	287.362069	298.109375	272.82268
P21447	525.481356	739.341365	473.102689	481.722937	386.075949	597.069627	819.205882	666.543103	660.78125	587.694845
P11309	155.572881	245.526104	154.354523	144.379441	128.037975	187.900101	253.764706	200.448276	220.09375	181.618557
Q8NFI3	298.518644	434.393574	289.608802	279.987552	225.481013	351.558022	458.990196	347.086207	387.515625	341.79244
Q8WXR4	520.322034	793.036145	518.105134	514.837622	451.405063	640.544904	863.607843	684.301724	722.40625	625.635739
Q9Y6Y9	69.98305079999999	91.3694779	65.5232274	66.51188810000001	52.83544300000001	80.9929364	106.656863	79.57758620000001	80.515625	79.41855670000002
O54735	328.064407	470.301205	321.836186	329.446294	272.544304	402.181635	554.3823530000002	436.913793	452.46875	392.973196
P08588	205.223729	265.634538	172.100244	165.84321699999995	130.860759	211.823411	292.078431	228.525862	238.5625	206.129897
Q13509	169.135593	263.759036	167.638142	175.377203	140.721519	206.603431	281.490196	237.491379	240.5	201.830928
O70344	274.905085	398.232932	255.119804	237.904476	210.544304	314.74773	415.421569	324.948276	347.6875	307.13677
P51813	257.776271	399.546185	270.405868	269.748671	245.30379700000003	332.5913220000001	436.852941	342.293103	368.671875	325.417182
Q13133	170.19322	262.373494	171.81418100000005	163.501678	148.455696	211.491423	285.284314	225.577586	246.34375	205.584192
P51635	131.949153	186.983936	124.909535	122.437762	105.101266	155.275479	207.784314	160.241379	172.28125	150.895533
P29474	455.637288	723.86747	448.418093	433.453007	382.962025	550.468214	732.6176469999998	582.137931	639.4375	533.6852230000002
P25021	165.294915	193.004016	139.06357	140.887692	100.797468	174.027245	239.911765	178.301724	168.8125	171.481787
P13726	114.308475	175.967871	111.513447	113.358322	96.7848101	139.298688	185.656863	153.655172	154.234375	136.24055
P11511	224.80339	281.7751	204.427873	197.676084	154.822785	254.943491	336.794118	251.198276	259.390625	248.743643
P50747	280.613559	440.586345	269.447433	276.166993	227.329114	338.652876	465.87254900000005	369.767241	389.015625	328.912715
P31645	295.857627	343.8554220000001	244.366748	252.169091	161.974684	303.31887	401.245098	301.198276	283.953125	297.769072
P45452	190.816949	273.763052	185.860636	182.991469	150.696203	227.018163	297.470588	230.060345	250.125	220.119588
Q9UGP5	213.0	348.285141	211.542787	207.570769	189.012658	262.12109	356.019608	288.258621	317.40625	254.453608
P51639	365.871186	502.791165	320.6405870000001	335.114965	253.30379700000003	404.553986	566.9803919999998	456.586207	453.0625	396.156014
O43497	946.308475	1398.50602	880.537897	867.265734	709.43038	1088.4520699999996	1495.04902	1189.63793	1241.51562	1058.08866
P08922	964.569492	1368.22892	899.97066	912.37972	722.860759	1119.89707	1512.01961	1196.52586	1183.95312	1093.59794
P50578	132.79661000000002	186.409639	125.202934	122.747972	104.797468	155.65186699999995	208.637255	159.637931	171.5	151.10378
Q3ZAV1	243.80339	299.714859	204.889976	200.074126	141.962025	255.685166	350.5490200000001	262.80172400000004	259.40625	251.231615
Q9H3N8	180.745763	206.305221	158.195599	148.735944	110.392405	194.107972	259.676471	194.37931	180.8125	191.646735
O75365	71.75254240000002	97.5582329	67.7017115	65.5100699	58.4303797	83.4641776	109.392157	82.5948276	94.171875	81.2453608
P43250	222.410169	342.204819	228.863081	227.434685	199.962025	281.951564	365.470588	268.112069	323.265625	273.54226800000004
P04631	33.9864407	49.9076305	36.2738386	39.7162238	28.9240506	45.4994955	62.0098039	48.8017241	54.6875	44.1127148
O43318	214.142373	370.429719	221.210269	223.389371	208.177215	274.74672000000004	379.343137	328.362069	334.921875	268.247423
P30838	181.742373	269.044177	169.599022	173.153706	143.620253	212.911201	288.539216	232.20689700000003	240.109375	207.49622
Q9P2K8	629.122034	995.140562	634.374083	637.877762	559.0506330000002	792.600404	1075.88235	848.0603449999999	915.09375	770.302405
P37268	173.244068	236.48996	167.555012	168.52713300000005	136.21518999999998	207.425832	278.22549	214.5	217.375	203.242612
Q8R0V5	169.549153	230.606426	154.674817	150.538601	119.974684	192.258325	260.382353	199.37931	208.046875	186.937457
P00689	201.972881	297.120482	194.459658	194.425734	162.227848	234.93441	314.705882	262.0	262.78125	230.795189
Q16678	220.494915	305.666667	208.987775	194.313986	167.468354	256.169526	345.980392	271.836207	280.234375	250.718213
Q99500	180.444068	197.658635	148.49633300000005	143.333846	105.139241	185.188698	253.95098	186.827586	177.671875	182.333333
P49327	986.342373	1458.82329	904.026895	920.639441	733.3037969999998	1128.99596	1563.97059	1245.12069	1302.4375	1100.73471
P79291	117.708475	114.574297	92.2200489	88.8825175	58.31645570000001	115.120081	153.862745	107.603448	103.296875	113.234364
P26640	500.325424	738.610442	477.349633	460.853986	397.531646	588.350151	782.147059	607.310345	672.625	571.32646
P27487	316.627119	445.269076	305.919315	317.063916	250.41772200000003	375.399596	496.803922	391.62069	386.5	367.895533
P22985	516.542373	778.5461849999998	486.168704	497.05035	411.291139	606.4197780000002	823.794118	671.560345	707.71875	591.48866
O70127	548.5966099999998	767.108434	493.158924	506.376084	388.670886	617.83552	848.2843140000001	684.456897	678.578125	607.456357
Q00796	146.030508	206.698795	125.814181	130.95230800000002	103.101266	158.447023	218.490196	174.37931	187.8125	153.986254
P08049	293.738983	445.751004	291.919315	300.183776	255.924051	363.249243	491.77451	401.224138	400.84375	355.624742
P52732	371.738983	641.939759	395.799511	410.217622	372.417722	504.327952	702.833333	577.965517	607.015625	491.15945
P00747	291.610169	491.859438	302.117359	314.634545	277.35443	365.995964	483.490196	392.232759	442.609375	354.008935
P21398	216.891525	309.028112	206.271394	204.392867	169.265823	254.669021	333.637255	261.991379	278.03125	248.64811
O75460	377.657627	578.51004	371.471883	369.03021	317.455696	461.991927	621.2549019999999	489.741379	522.375	448.580069
Q9Y294	78.5559322	120.37751000000002	76.28606359999998	79.1146853	63.15189870000001	95.2492432	132.872549	111.87931	108.15625	92.3484536
P29275	160.298305	166.040161	124.757946	131.745734	81.0506329	156.929364	217.95098	158.405172	146.96875	154.831615
A4D1B5	365.444068	470.485944	340.256724	344.345594	264.291139	423.899092	578.039216	427.362069	431.40625	414.406873
Q9R117	467.511864	687.48996	456.046455	447.952587	369.670886	558.0807269999998	740.176471	560.801724	620.90625	541.908591
O35084	202.623729	293.843373	191.168704	179.360559	150.518987	234.922301	315.87254900000005	242.025862	263.15625	228.270103
P28074	104.277966	156.614458	93.0709046	101.526853	76.4177215	114.602422	157.068627	130.43965500000002	135.734375	112.568385
Q9Y239	386.555932	531.040161	370.386308	373.291049	296.455696	462.120081	626.303922	460.362069	493.171875	451.699656
P29476	540.786441	856.610442	542.7775059999999	536.757762	478.126582	671.156408	900.5294119999999	727.181034	779.875	653.637113
O15438	667.864407	842.016064	579.422983	580.2911889999998	425.987342	726.174571	994.529412	754.387931	746.015625	711.953952
Q9NPH5	257.440678	316.759036	239.00489	229.32965	178.822785	292.229062	380.392157	273.982759	280.34375	285.962887
O14920	280.671186	450.048193	296.026895	294.317483	261.050633	369.466196	499.0	388.12931	416.515625	360.098282
P22199	347.789831	610.048193	345.310513	351.898322	323.316456	428.546922	600.509804	530.318966	522.921875	417.95189
C5ISA2	177.037288	261.329317	166.154034	178.62951	135.582278	205.611504	280.87254900000005	228.80172400000004	238.46875	200.067354
P15692	89.61694920000002	135.481928	95.4767726	93.1518881	86.4556962	114.23108	145.813725	105.62931	131.4375	111.061856
